,TotPs,AccLB,InAccLB,AccSP,InAccSP,TotKPs,LKPs,SKPs,TotAss,CrAss,CorAss,ThrbAss,FreAss,ThrInAss,OthAss
0,29,5,16,8,-,-,-,-,-,-,-,-,-,-,-
1,18,3,5,10,-,-,-,-,-,-,-,-,-,-,-
2,26.5,2.5,3,20.5,0.5,-,-,-,-,-,-,-,-,-,-
3,83.8,3.7,1.8,74.2,4.2,-,-,-,-,-,-,-,-,-,-
4,37,7.2,11.4,18,0.4,-,-,-,-,-,-,-,-,-,-
5,52.3,1.8,4.8,42.3,3.5,-,-,-,-,-,-,-,-,-,-
6,16.7,0.1,0.2,12.3,4,1.3,-,1.2,0.1,-,-,-,-,-,0.1
7,26.3,1.3,0.6,21.2,3.3,0.6,-,0.6,0.1,-,-,-,-,-,-
8,26.2,0.3,0.3,20.4,5.3,2,0.5,1.4,0.2,-,-,-,-,-,0.1
9,39,4,9,26,-,-,-,-,-,-,-,-,-,-,-
10,32.4,0.7,0.6,26.5,4.6,1.5,0.3,1.2,0.2,-,-,-,-,-,0.2
11,14.9,0.3,0.2,11.3,3,1,-,1,0.2,-,-,-,-,-,0.1
12,17.3,0.7,0.1,11.3,5.1,1.3,-,1.3,-,-,-,-,-,-,-
13,55.4,3.4,1.6,46.6,3.8,1.8,0.5,1.2,0.2,0.1,0.1,-,-,-,-
14,19.7,0.9,0.3,14.2,4.3,1.2,-,1.2,0.1,-,-,-,-,-,0.1
15,23.2,1.4,0.6,17.9,3.3,1.6,0.2,1.4,0.2,-,-,0.1,-,-,0.1
16,39.6,1.4,2.2,34.2,1.7,-,-,-,-,-,-,-,-,-,-
17,9.6,0.3,-,6.6,2.7,0.6,-,0.6,0.1,-,-,-,-,-,0.1
18,17.2,0.2,0.3,11.8,4.9,0.9,-,0.9,0.1,-,-,-,-,-,0.1
19,28.5,1,0.6,23.2,3.7,1.6,0.5,1.2,0.2,0.1,0.1,-,-,-,0.1
20,30.5,1.1,0.4,25.1,3.9,1.2,0.2,1,0.2,0.1,-,-,-,-,0.1
21,50.3,2.3,3,42,3,0.2,-,0.2,0.1,-,-,-,-,-,0.1
22,23.4,0.8,0.5,17.3,4.8,1.8,0.1,1.7,0.3,0.1,-,-,-,-,0.2
23,61.2,2.3,1.6,54.5,2.8,0.5,-,0.5,0.1,0.1,-,-,-,-,-
24,38.6,1.6,0.6,32.7,3.7,1.3,0.1,1.2,0.1,-,-,0.1,0.1,-,-
25,57.8,1.8,2,50.8,3.2,0.2,-,0.2,-,-,-,-,-,-,-
26,26.2,0.5,0.4,21.2,4.1,2,0.3,1.7,0.3,0.1,0.1,-,-,-,0.1
27,19.1,0.3,0.1,15.5,3.2,0.5,-,0.5,0.1,-,-,-,-,-,0.1
28,33.3,1,0.5,27.2,4.6,1.5,0.2,1.2,0.4,0.2,-,-,-,-,0.2
29,19.2,0.9,0.8,12.8,4.7,1.1,0.1,1,0.1,0.1,-,-,-,-,-
30,59.1,5.4,2.7,47.5,3.6,0.9,0.2,0.7,0.1,-,-,-,-,-,0.1
31,25.4,1.5,1,18.4,4.5,1.6,0.5,1,0.1,0.1,-,-,-,-,-
32,30,2,-,23,5,1,-,1,-,-,-,-,-,-,-
33,39.3,7.5,14.3,17.2,0.3,0.1,0.1,-,-,-,-,-,-,-,-
34,52.9,2.7,1.6,42.4,6.3,1.7,0.2,1.5,0.2,0.1,-,-,-,-,0.1
35,41.7,1.1,0.9,34.3,5.4,0.8,0.1,0.7,0.1,-,-,-,-,-,0.1
36,33.4,1.1,2.2,25,5,0.8,0.1,0.7,0.1,-,-,-,-,-,0.1
37,71.6,4.4,2.7,61,3.5,0.2,0.1,0.1,0.1,-,-,-,-,-,-
38,61.3,3.1,3.1,50.5,4.5,0.7,0.1,0.6,0.1,-,-,-,-,-,0.1
39,33.3,1.5,1.1,28.2,2.5,0.2,-,0.2,-,-,-,-,-,-,-
40,27,9,4,14,-,-,-,-,-,-,-,-,-,-,-
41,53.8,2.9,1.5,44.1,5.3,1,0.1,0.9,-,-,-,-,-,-,-
42,31.2,1.1,1.1,25.1,3.9,1.6,0.6,1,0.2,0.1,-,-,-,-,0.1
43,29.7,0.7,0.6,25.1,3.3,1.8,0.5,1.3,0.1,-,-,-,-,-,-
44,25,3,6,16,-,-,-,-,-,-,-,-,-,-,-
45,27.5,1.5,0.6,22.3,3.1,1.7,0.3,1.3,0.1,-,-,-,-,-,0.1
46,27,0.8,0.5,22.5,3.3,1.5,0.2,1.3,0.1,-,-,-,-,-,-
47,27.5,3,2,19,3.5,0.5,0.5,-,-,-,-,-,-,-,-
48,27.9,1.2,0.8,22.1,3.8,0.9,0.1,0.8,0.2,-,-,-,-,-,0.2
49,14.8,0.1,-,7.2,7.5,0.3,-,0.3,0.1,-,-,-,-,-,0.1
50,33.4,1.9,2.2,26.9,2.4,-,-,-,-,-,-,-,-,-,-
51,40.6,1,1.4,34.7,3.6,1.5,0.3,1.2,0.1,0.1,-,-,-,-,-
52,49.8,1.5,1.5,40.8,5.9,1.1,0.1,1,0.1,-,-,-,-,-,-
53,38,1.7,2.2,29.3,4.8,1,0.2,0.8,0.2,0.1,-,-,-,-,0.1
54,22,4,4,14,-,-,-,-,-,-,-,-,-,-,-
55,55.2,1.8,2.5,47.6,3.4,0.3,0.1,0.3,0.1,-,-,-,-,-,0.1
56,21.5,0.6,0.6,16,4.3,0.8,-,0.7,0.1,-,-,-,-,-,-
57,60.9,4.2,2.9,51.2,2.6,0.8,0.1,0.7,0.1,-,-,-,-,-,0.1
58,49.3,1.7,1.7,41.8,4,0.3,-,0.3,0.1,-,-,-,-,-,0.1
59,45.7,1.1,0.8,40.1,3.8,0.9,-,0.9,-,-,-,-,-,-,-
60,33.1,3.3,5.5,19.6,4.7,0.6,0.5,0.1,-,-,-,-,-,-,-
61,45.9,3,4.1,34.5,4.3,1.8,0.6,1.2,0.2,0.2,-,-,-,-,-
62,28.8,7.6,8.6,12.3,0.2,0.1,0.1,-,-,-,-,-,-,-,-
63,28.2,1,0.9,22,4.3,1.6,0.5,1.1,0.1,-,-,-,-,-,0.1
64,67.4,4.9,2.3,55.1,5.1,0.7,0.1,0.7,0.1,-,-,-,-,-,0.1
65,12.9,0.2,-,9.3,3.5,1.2,-,1.2,0.1,-,-,-,-,-,0.1
66,28.8,4.9,8.3,15.1,0.4,-,-,-,-,-,-,-,-,-,-
67,39.9,2.7,2.7,31.7,2.9,0.3,0.1,0.2,0.1,-,-,-,-,-,0.1
68,24.9,0.7,0.5,19,4.8,1.1,0.1,1,0.2,-,-,-,-,-,0.1
69,33.3,6,15.8,11.1,0.4,-,-,-,-,-,-,-,-,-,-
70,28,6,9,12.9,0.1,-,-,-,-,-,-,-,-,-,-
71,55,3,2,47,3,-,-,-,-,-,-,-,-,-,-
72,33.3,4.2,7.7,21.3,0.1,-,-,-,-,-,-,-,-,-,-
73,37.4,1.4,2.3,29.7,4,0.7,-,0.7,0.3,0.1,-,-,-,-,0.1
74,21.5,0.8,0.6,16.2,4,0.9,-,0.8,0.1,-,-,-,-,-,0.1
75,26.7,1,1,20.4,4.3,1.5,0.5,0.9,0.1,0.1,-,-,-,-,-
76,28.9,0.8,0.4,22.2,5.5,0.5,-,0.5,0.1,-,-,-,-,-,0.1
77,14.2,0.2,0.2,9.9,3.9,1,-,1,0.3,-,-,0.1,-,-,0.2
78,46.2,2.8,2.5,37.5,3.4,0.2,0.1,0.1,-,-,-,-,-,-,-
79,18.3,0.5,0.1,10.4,7.3,1,-,1,-,-,-,-,-,-,-
80,20.3,0.4,0.3,16.6,3,0.7,-,0.7,-,-,-,-,-,-,-
81,26.7,4.8,7.9,14,0.1,-,-,-,-,-,-,-,-,-,-
82,30.4,3.2,7.2,19.8,0.2,-,-,-,-,-,-,-,-,-,-
83,23,0.6,1.6,14.9,5.9,1.4,0.4,1,-,-,-,-,-,-,-
84,27.9,0.8,1,22.8,3.3,1,0.3,0.7,0.3,0.1,-,-,-,-,0.2
85,42.9,2.5,2.9,32.6,5,1.3,0.5,0.8,-,-,-,-,-,-,-
86,33.1,2.1,2.7,24.8,3.6,1.8,0.8,1,0.1,0.1,0.1,-,0.1,-,-
87,33.6,9,12,12.5,0.1,-,-,-,-,-,-,-,-,-,-
88,34.3,1.6,2.5,26.5,3.7,0.1,-,0.1,-,-,-,-,-,-,-
89,39.2,1.2,0.7,34.1,3.3,0.8,0.1,0.7,0.2,-,-,0.1,-,-,0.1
90,19,-,-,17,2,3,-,3,-,-,-,-,-,-,-
91,49.5,2.5,3.7,39.8,3.6,0.2,0.1,0.2,-,-,-,-,-,-,-
92,22.5,0.6,0.5,16.7,4.8,0.8,0.1,0.7,0.1,-,-,-,-,-,0.1
93,65,3.6,1.8,56.1,3.5,0.4,-,0.4,-,-,-,-,-,-,-
94,62.1,3,2,53.6,3.4,1,0.2,0.8,0.1,-,-,0.1,-,-,-
95,47.4,1.9,0.4,40.1,5,1,0.1,0.9,0.1,-,-,-,-,-,0.1
96,38,1.2,1.5,30.6,4.8,0.9,0.1,0.7,0.1,-,-,-,-,-,0.1
97,17.4,0.7,0.5,11.1,5.1,0.8,0.1,0.8,0.1,-,-,-,-,-,0.1
98,31.6,1.8,2.5,23.4,4,1.1,0.9,0.3,0.3,0.3,-,-,-,-,-
99,59.7,3.2,3.8,48.6,4.1,0.3,0.1,0.2,-,-,-,-,-,-,-
100,35.2,1,0.9,29.1,4.2,0.4,-,0.3,-,-,-,-,-,-,-
101,51,1.3,1.2,46.2,2.3,-,-,-,-,-,-,-,-,-,-
102,51.9,0.8,0.8,48.6,1.7,0.3,-,0.2,-,-,-,-,-,-,-
103,45.6,1.9,2.7,37.2,3.9,0.1,-,0.1,-,-,-,-,-,-,-
104,53,3.3,1.9,45.1,2.8,1,0.4,0.6,0.1,0.1,0.1,-,-,-,-
105,48.3,3.6,4.1,38.3,2.4,0.4,0.2,0.2,0.1,-,-,-,-,-,0.1
106,53.4,2.4,3,44.5,3.5,0.4,0.1,0.3,-,-,-,-,-,-,-
107,23.3,1,1.3,16.5,4.5,0.8,0.3,0.5,-,-,-,-,-,-,-
108,29.9,0.6,1.1,25.2,3,0.9,0.3,0.6,0.1,0.1,-,-,-,-,-
109,43.9,2.3,2.7,35.1,3.8,0.2,-,0.1,0.1,-,-,-,-,-,0.1
110,58.2,3.5,3.5,48.8,2.4,0.2,0.1,0.1,-,-,-,-,-,-,-
111,54,1,1.5,46.5,4.9,0.7,-,0.7,0.1,-,-,-,-,-,0.1
112,35.5,4.9,4.6,25.7,0.2,-,-,-,-,-,-,-,-,-,-
113,51.3,2.6,5.4,39.7,3.6,0.2,0.1,0.1,0.1,-,-,-,-,-,0.1
114,40,6.3,7.3,26,0.3,0.3,0.3,-,-,-,-,-,-,-,-
115,28.3,1.9,2.1,20.7,3.6,0.5,0.1,0.4,0.1,-,-,0.1,-,-,-
116,66.2,2.1,2.8,58.8,2.5,0.2,-,0.2,-,-,-,-,-,-,-
117,51.3,4.2,4.3,38.8,4,0.4,0.1,0.3,-,-,-,-,-,-,-
118,54.5,2.6,2.5,47,2.4,0.1,-,0.1,-,-,-,-,-,-,-
119,35,4,1,26,4,-,-,-,-,-,-,-,-,-,-
120,50.5,1.5,2,42.3,4.6,0.1,-,0.1,-,-,-,-,-,-,-
121,35.8,0.9,0.8,31.1,3.1,0.3,-,0.3,0.1,-,-,-,-,-,-
122,29.2,0.7,0.4,24.9,3.1,1.4,0.5,0.9,0.1,-,-,-,-,-,0.1
123,30.5,1.7,2.2,22.1,4.6,1.1,0.4,0.7,0.2,0.2,-,-,-,-,-
124,17,0.2,0.1,14.5,2.3,1,0.2,0.7,0.2,0.1,-,-,-,-,-
125,36.6,2.9,2.2,25.2,6.3,1.3,0.6,0.7,-,-,-,-,-,-,-
126,47.8,2,2.1,40.4,3.4,-,-,-,-,-,-,-,-,-,-
127,16.4,0.4,0.6,12.5,3,0.6,-,0.6,-,-,-,-,-,-,-
128,56.5,2.7,0.9,48.7,4.3,0.6,0.1,0.5,-,-,-,-,-,-,-
129,20.5,0.9,1.2,12.3,6.2,1.1,0.1,1,-,-,-,-,-,-,-
130,31.7,1.6,1.9,23.7,4.5,0.7,0.3,0.4,-,-,-,-,-,-,-
131,32.9,3.1,1.7,25.1,3,0.9,0.4,0.5,0.2,0.2,0.1,-,-,-,-
132,8.5,0.3,0.3,6.9,1.1,0.3,-,0.3,-,-,-,-,-,-,-
133,46.3,3.3,1.8,36.4,4.8,1.1,0.4,0.7,-,-,-,-,-,-,-
134,38,2.3,3.7,28.1,3.9,0.1,-,0.1,-,-,-,-,-,-,-
135,37.4,0.9,1.6,31.8,3.1,0.9,0.2,0.7,0.1,-,-,-,-,-,-
136,18.6,1.4,0.9,14.4,2,0.6,-,0.6,0.3,0.1,-,-,-,-,0.1
137,22.6,1.3,1.5,16.8,2.9,0.9,0.2,0.7,0.2,0.2,-,-,0.1,-,0.1
138,43.4,1.7,0.9,37.3,3.5,-,-,-,-,-,-,-,-,-,-
139,13,0.4,0.2,8.9,3.5,0.6,-,0.6,0.2,-,-,-,-,-,0.2
140,28.1,1,1,22.3,3.9,0.6,0.1,0.5,0.1,-,-,-,-,-,0.1
141,9.9,0.4,0.3,5,4.1,0.4,0.1,0.3,0.1,-,-,-,-,-,0.1
142,35.7,6.4,8.6,20.4,0.3,0.1,0.1,-,-,-,-,-,-,-,-
143,18.9,0.5,0.3,14.1,4,0.8,-,0.8,0.1,-,-,-,-,-,0.1
144,27.8,1.5,2.2,20.7,3.4,0.8,0.2,0.6,0.1,-,-,-,-,-,-
145,15.9,0.7,0.3,11.8,3.1,0.4,0.1,0.3,-,-,-,-,-,-,-
146,18,0.5,0.2,14.8,2.5,1,0.2,0.8,0.1,-,-,-,-,-,0.1
147,24.3,0.5,0.2,19.2,4.3,0.8,0.1,0.8,0.2,-,-,-,-,-,0.2
148,42.6,1.8,1.6,34.2,5,0.5,0.1,0.4,0.1,-,-,-,-,-,0.1
149,53.9,1.6,1.6,48.2,2.5,0.3,-,0.3,-,-,-,-,-,-,-
150,57.4,3.1,1.5,48.9,3.8,1.1,0.1,1,0.1,-,-,-,-,-,0.1
151,52.2,2.2,3.3,43.2,3.5,0.4,0.1,0.4,-,-,-,-,-,-,-
152,42.4,1.7,1.1,35.3,4.3,1.5,0.4,1.1,0.1,-,-,-,-,-,-
153,13.2,-,-,9.9,3.3,0.7,-,0.7,0.1,-,-,-,-,-,0.1
154,18.5,0.7,0.3,15.2,2.3,1,0.2,0.8,0.1,-,-,-,-,-,0.1
155,36.7,5.2,5.4,25.8,0.2,0.2,0.1,0.1,-,-,-,-,-,-,-
156,21,5,14,2,-,-,-,-,-,-,-,-,-,-,-
157,48.7,1.8,1.3,43,2.6,0.3,-,0.3,-,-,-,-,-,-,-
158,10.3,0.3,-,7.3,2.7,0.8,-,0.8,0.2,0.2,-,-,-,-,-
159,28.4,1.9,3.6,18.4,4.6,1.4,0.5,1,0.1,-,-,-,-,-,-
160,12.8,0.9,0.2,9.1,2.6,0.8,0.2,0.7,0.1,-,-,0.1,-,-,0.1
161,31.3,4.4,4.7,21.8,0.4,-,-,-,-,-,-,-,-,-,-
162,52.2,1.8,1.9,44.6,3.9,1,-,1,0.1,-,-,-,-,-,0.1
163,39.5,2.9,2.3,29.7,4.6,1.2,0.4,0.8,0.1,-,-,-,-,-,-
164,41,1.8,2.8,33.4,3,0.4,-,0.4,-,-,-,-,-,-,-
165,28.2,6.5,11.6,9.8,0.2,-,-,-,-,-,-,-,-,-,-
166,16.8,0.6,0.1,13.7,2.4,0.7,-,0.7,0.1,-,-,-,-,-,0.1
167,35,6.3,12.6,16,0.1,-,-,-,-,-,-,-,-,-,-
168,23.5,0.5,0.6,20.2,2.2,0.6,0.1,0.5,0.1,-,-,-,-,-,-
169,45.1,1.5,0.3,39.9,3.4,1,0.1,0.9,-,-,-,-,-,-,-
170,26.5,5.1,6.5,14.8,0.1,-,-,-,-,-,-,-,-,-,-
171,29.2,1.5,3.3,20.9,3.5,1.5,0.9,0.5,-,-,-,-,-,-,-
172,24.4,1.2,2.2,17.2,3.8,1.1,0.3,0.8,0.2,0.1,-,-,-,-,0.1
173,32.9,0.9,0.5,27.1,4.4,0.9,-,0.9,0.1,-,-,-,-,-,0.1
174,38.7,1.8,2.2,31.6,3.1,0.6,0.1,0.5,-,-,-,-,-,-,-
175,57.8,3.3,1.6,50.7,2.2,0.2,-,0.2,-,-,-,-,-,-,-
176,28.8,0.9,1.8,21.9,4.2,1.3,0.6,0.8,0.1,-,-,-,-,-,0.1
177,11.5,0.3,0.1,7.2,3.9,0.5,-,0.5,-,-,-,-,-,-,-
178,43.3,1.6,1.6,35.8,4.4,0.7,0.2,0.5,0.2,-,-,0.1,-,-,0.1
179,21.9,1.3,0.6,17.3,2.7,0.8,0.1,0.7,0.1,0.1,-,-,-,-,-
180,19.6,0.2,0.6,17.5,1.3,-,-,-,-,-,-,-,-,-,-
181,36,3.1,1.6,26.7,4.7,1,0.5,0.5,0.1,-,-,-,-,-,0.1
182,27.1,1.3,2.3,19.3,4.2,0.1,-,0.1,-,-,-,-,-,-,-
183,20.6,0.8,0.9,16.3,2.5,0.9,0.1,0.8,0.2,-,-,0.1,-,-,0.1
184,72.9,2.3,1.3,66.1,3.1,0.4,-,0.3,-,-,-,-,-,-,-
185,36.2,1,1.4,29.8,3.9,0.7,-,0.7,-,-,-,-,-,-,-
186,30.5,4.6,9.3,16.4,0.2,-,-,-,-,-,-,-,-,-,-
187,45.6,0.8,0.8,41.3,2.7,0.3,-,0.3,0.1,-,-,-,-,-,0.1
188,41.3,2.1,3.4,33.2,2.6,0.2,0.1,0.1,-,-,-,-,-,-,-
189,17.2,0.6,0.8,9.9,6,0.8,0.1,0.7,-,-,-,-,-,-,-
190,14.4,0.5,0.3,11.2,2.3,0.3,-,0.3,0.1,-,-,-,-,-,0.1
191,29,0.3,0.5,25.8,2.5,-,-,-,-,-,-,-,-,-,-
192,56.5,3.6,2.9,47.1,2.9,0.1,0.1,-,0.1,-,-,0.1,-,-,-
193,31.6,7,10.1,14.3,0.1,-,-,-,-,-,-,-,-,-,-
194,19.7,0.5,0.5,16.5,2.1,0.5,0.1,0.5,-,-,-,-,-,-,-
195,42.2,1,1.2,36,4,0.5,0.2,0.3,-,-,-,-,-,-,-
196,38.3,2,2.5,29.9,3.9,1.4,0.1,1.3,0.1,-,-,-,-,-,0.1
197,48.8,1.3,1.6,44,1.9,0.3,0.1,0.3,0.1,-,-,0.1,-,-,-
198,36.6,3.3,2.4,28.1,2.9,0.4,0.1,0.3,-,-,-,-,-,-,-
199,14.9,0.5,0.3,10.6,3.5,0.8,-,0.8,0.1,-,-,-,-,-,0.1
200,21.8,1.1,0.7,16.7,3.3,0.9,0.1,0.8,0.2,-,-,0.2,-,-,-
201,64.2,3.5,2.7,55.1,2.9,0.3,-,0.3,-,-,-,-,-,-,-
202,60,2,-,53,5,2,-,2,-,-,-,-,-,-,-
203,9.7,0.1,0.1,8,1.5,0.6,0.1,0.6,0.2,0.1,-,-,-,-,0.1
204,35.7,2,1,30.3,2.3,0.7,0.3,0.3,-,-,-,-,-,-,-
205,45.4,2.9,3.1,36.9,2.5,0.1,0.1,0.1,-,-,-,-,-,-,-
206,14.9,0.3,0.2,11.2,3.2,0.8,-,0.8,0.1,-,-,-,-,-,0.1
207,33.4,1.8,3.4,25.2,3,0.2,-,0.2,-,-,-,-,-,-,-
208,49.6,3.3,2.8,40.5,3,0.4,0.1,0.3,-,-,-,-,-,-,-
209,36.4,2,2.4,28.8,3.3,0.1,-,0.1,-,-,-,-,-,-,-
210,43.1,3.3,3.1,34,2.6,0.1,-,0.1,-,-,-,-,-,-,-
211,35.7,2.2,1.8,27.3,4.5,0.7,0.2,0.6,0.1,0.1,-,-,-,-,-
212,17.5,0.3,0.4,10.8,5.9,0.4,-,0.4,-,-,-,-,-,-,-
213,35.8,1,1.6,28.9,4.3,0.6,0.1,0.5,0.1,-,-,-,-,-,0.1
214,37.1,1.2,0.5,32.6,2.9,0.5,-,0.5,-,-,-,-,-,-,-
215,22.1,1,2.1,15,3.9,1.1,0.3,0.8,0.1,0.1,-,-,-,-,-
216,44,1.8,2,36.9,3.3,0.2,-,0.2,0.1,-,-,-,-,-,0.1
217,34,1.4,0.9,28.7,3,0.8,0.1,0.7,0.1,-,-,-,-,-,0.1
218,15.1,0.3,0.3,12,2.4,0.5,-,0.4,0.1,-,-,0.1,-,-,-
219,22.7,0.7,1.1,17.3,3.5,0.2,-,0.2,-,-,-,-,-,-,-
220,25.2,1.1,2,19.3,2.9,0.8,0.3,0.5,0.1,0.1,-,-,-,-,-
221,44.9,1.4,2.8,37.6,3.2,0.2,-,0.2,-,-,-,-,-,-,-
222,35.9,2.1,2.1,27.4,4.3,0.5,0.1,0.5,-,-,-,-,-,-,-
223,20.8,1.3,1.3,15.2,3.1,0.7,0.1,0.6,-,-,-,-,-,-,-
224,41.6,1.6,1,35,3.9,1,-,1,0.1,-,-,-,-,-,0.1
225,13.4,0.1,0.2,9,4.1,0.4,-,0.4,-,-,-,-,-,-,-
226,31.3,1.9,1.6,25.9,1.9,0.1,-,0.1,-,-,-,-,-,-,-
227,29.4,1.4,1.4,21.8,4.9,0.9,0.1,0.8,-,-,-,-,-,-,-
228,22.2,0.8,0.4,17.8,3.3,0.6,0.2,0.4,-,-,-,-,-,-,-
229,8,-,-,7,1,2,-,2,-,-,-,-,-,-,-
230,17.8,0.5,0.5,13.6,3.2,0.9,-,0.9,0.1,-,-,-,-,-,0.1
231,43.8,1.6,3.3,35.6,3.3,0.2,0.1,0.2,0.1,-,-,-,-,-,0.1
232,45.1,1.4,1.3,38.3,4.1,0.1,-,0.1,-,-,-,-,-,-,-
233,16.1,0.7,0.8,12.6,2.1,0.6,0.1,0.5,-,-,-,-,-,-,-
234,20.7,0.8,2.1,14.8,2.9,0.6,0.1,0.5,0.1,-,-,-,-,-,0.1
235,22.5,0.9,1.2,18,2.4,0.6,0.1,0.4,0.1,-,-,0.1,-,-,0.1
236,11.5,0.4,0.3,8.2,2.6,1.1,0.2,0.9,-,-,-,-,-,-,-
237,34.6,1.1,1.2,30.7,1.6,0.6,0.2,0.4,-,-,-,-,-,-,-
238,14.4,0.1,0.2,10.7,3.4,0.7,-,0.7,0.1,-,-,-,-,-,0.1
239,51.3,2.3,2.9,41.4,4.7,0.3,0.1,0.2,-,-,-,-,-,-,-
240,30.4,0.9,0.5,24.9,4.1,1.1,0.2,0.9,0.2,-,-,-,-,-,0.2
241,38.7,1.6,1.4,33.3,2.3,0.7,0.1,0.6,-,-,-,-,-,-,-
242,12,0.3,0.2,9.2,2.3,0.3,-,0.3,-,-,-,-,-,-,-
243,23.3,1.1,1,18.7,2.5,1,0.1,0.9,-,-,-,-,-,-,-
244,26.5,1,1.5,21.3,2.7,0.5,0.2,0.4,0.1,-,-,-,-,-,-
245,34.7,1.6,1.5,29.6,2.1,0.1,-,0.1,-,-,-,-,-,-,-
246,11.7,0.2,-,10.3,1.2,0.7,-,0.7,0.1,-,-,-,-,-,0.1
247,24,1.4,1.2,19.1,2.3,1,0.1,0.9,0.1,0.1,-,-,-,-,-
248,17.1,0.7,0.2,14.1,2,0.6,0.1,0.5,-,-,-,-,-,-,-
249,28.8,1.2,2.2,22.5,3,0.2,-,0.2,-,-,-,-,-,-,-
250,26.3,1.1,0.9,19.6,4.8,0.9,-,0.8,-,-,-,-,-,-,-
251,19.1,0.4,1,13.5,4.2,0.8,0.2,0.6,-,-,-,-,-,-,-
252,7.4,-,0.1,6,1.3,0.4,-,0.4,0.1,-,-,-,-,-,0.1
253,31.6,5.9,7.3,18.3,0.1,-,-,-,-,-,-,-,-,-,-
254,11.2,0.4,0.6,8.8,1.4,0.6,0.3,0.2,0.2,0.1,0.1,-,-,-,0.1
255,11.1,0.3,0.5,7.6,2.7,0.4,-,0.4,-,-,-,-,-,-,-
256,36.5,2,2.2,29.4,2.8,0.2,-,0.2,-,-,-,-,-,-,-
257,20.1,1.5,0.4,15.5,2.8,1,0.2,0.8,-,-,-,-,-,-,-
258,17.1,0.8,0.4,11.9,4,0.6,0.1,0.6,-,-,-,-,-,-,-
259,19.7,0.8,1.1,15,2.8,0.9,0.3,0.6,0.1,0.1,-,-,-,-,-
260,23.3,0.5,0.4,18.5,3.9,1.4,0.1,1.3,0.1,-,-,-,-,-,0.1
261,15.6,0.7,1,11.3,2.7,0.2,0.1,0.1,-,-,-,-,-,-,-
262,41.8,1.7,2.1,34,4,0.2,-,0.1,-,-,-,-,-,-,-
263,15.1,0.4,0.8,10.6,3.3,0.6,0.1,0.5,0.1,-,-,-,-,-,0.1
264,21.9,1.3,3.3,14.7,2.6,0.6,0.3,0.3,-,-,-,-,-,-,-
265,23.6,1.6,1,17.1,4,0.9,0.1,0.8,0.1,-,-,-,-,-,-
266,20.7,0.9,1.1,15.4,3.3,0.4,0.1,0.3,0.1,0.1,-,-,-,-,-
267,18.5,0.7,0.7,15.2,1.9,0.8,0.1,0.7,-,-,-,-,-,-,-
268,48.6,1.9,1,42.4,3.4,1.1,0.1,1,0.1,-,-,-,-,-,-
269,42.5,2.2,2.8,33.4,4.2,0.5,-,0.5,0.1,-,-,-,-,-,0.1
270,30,4,2,20.5,3.5,-,-,-,-,-,-,-,-,-,-
271,37.7,2.3,1.8,31.2,2.4,0.3,0.1,0.2,-,-,-,-,-,-,-
272,23.5,0.7,0.6,19.1,3.2,1.1,0.3,0.8,-,-,-,-,-,-,-
273,18.9,0.5,0.1,16.4,1.9,0.9,-,0.9,-,-,-,-,-,-,-
274,31.9,3.6,9.4,18.5,0.4,-,-,-,-,-,-,-,-,-,-
275,27.9,1.1,1.6,22.1,3.1,0.6,0.1,0.5,-,-,-,-,-,-,-
276,17.7,0.2,0.3,11.8,5.4,0.9,-,0.9,-,-,-,-,-,-,-
277,13.7,0.6,0.3,10.8,2,0.9,-,0.9,-,-,-,-,-,-,-
278,30.1,0.6,1.1,25.7,2.6,0.4,-,0.4,-,-,-,-,-,-,-
279,19.7,0.4,0.9,16.6,1.8,0.2,-,0.2,0.1,-,-,-,-,-,0.1
280,26.6,0.8,0.7,21.3,3.8,0.9,0.2,0.7,-,-,-,-,-,-,-
281,11.6,0.4,0.1,8.8,2.3,0.2,-,0.2,-,-,-,-,-,-,-
282,36.2,1.9,2.3,27.5,4.5,0.2,-,0.1,-,-,-,-,-,-,-
283,24.3,-,0.8,21.5,2,0.5,-,0.5,0.3,-,-,-,-,-,0.3
284,21,0.7,1,15.8,3.5,0.6,0.1,0.5,-,-,-,-,-,-,-
285,29.7,5.2,8,16.3,0.2,0.2,0.2,-,-,-,-,-,-,-,-
286,37.8,1.7,1,32.2,2.9,0.4,-,0.3,-,-,-,-,-,-,-
287,27.3,0.8,1,21.3,4.1,0.9,0.3,0.6,0.2,0.1,0.1,-,-,-,0.1
288,14.2,0.7,0.8,9.3,3.5,1.1,0.5,0.5,-,-,-,-,-,-,-
289,29.4,2.6,2.1,20.4,4.3,0.7,0.2,0.5,-,-,-,-,-,-,-
290,15.2,1,0.5,9.9,3.8,1.2,0.6,0.6,0.2,0.2,0.1,-,0.1,-,0.1
291,64.5,4.5,3,51,6,1,0.5,0.5,-,-,-,-,-,-,-
292,23.2,1.5,1.2,16.8,3.7,0.3,0.1,0.3,-,-,-,-,-,-,-
293,20.6,0.7,1.2,16.3,2.4,0.6,0.1,0.5,0.1,0.1,-,-,0.1,-,-
294,11.6,0.4,0.4,7.8,3,0.5,-,0.5,-,-,-,-,-,-,-
295,15.5,1.3,0.8,10.8,2.7,0.9,0.2,0.7,-,-,-,-,-,-,-
296,55.2,1.6,4,44.8,4.8,0.3,0.1,0.2,-,-,-,-,-,-,-
297,36.7,0.8,1.6,31.9,2.4,-,-,-,-,-,-,-,-,-,-
298,30.9,1.9,2.1,24.9,2.1,0.1,-,0.1,-,-,-,-,-,-,-
299,7.8,0.1,0.1,5.4,2.2,0.5,-,0.5,0.1,-,-,0.1,-,-,0.1
300,8.3,0.1,0.1,6.1,2.1,0.5,0.1,0.4,0.1,-,-,0.1,-,-,0.1
301,26.9,1.7,3.5,17.4,4.4,0.5,0.1,0.4,-,-,-,-,-,-,-
302,30.5,2.2,1.7,23.6,2.9,1,0.3,0.7,0.2,-,-,-,-,-,0.2
303,28.7,1.8,0.7,23.8,2.4,0.6,0.1,0.5,-,-,-,-,-,-,-
304,13.1,0.3,0.8,9.2,2.9,0.7,0.1,0.5,-,-,-,-,-,-,-
305,20.1,0.5,0.4,15.9,3.3,0.5,-,0.5,0.1,-,-,-,-,-,-
306,11.3,0.2,0.3,7.9,2.8,0.7,-,0.7,0.1,-,-,-,-,-,0.1
307,18.6,0.7,0.4,14.2,3.3,0.8,0.1,0.7,0.1,0.1,-,-,-,-,-
308,25.2,0.8,0.3,22.4,1.7,0.6,-,0.5,0.1,-,-,-,-,-,0.1
309,11.4,0.3,0.1,8.4,2.6,0.8,-,0.8,0.1,-,-,-,-,-,0.1
310,22.7,1.3,1.9,15.8,3.8,0.7,0.2,0.5,0.1,-,-,-,-,-,0.1
311,27.6,0.4,0.3,24.9,2,0.1,-,0.1,-,-,-,-,-,-,-
312,15.9,0.6,0.7,11.5,3.2,0.2,-,0.2,-,-,-,-,-,-,-
313,11.8,0.2,0.2,9.7,1.6,0.3,-,0.2,-,-,-,-,-,-,-
314,36.3,6,8.6,21.4,0.3,-,-,-,-,-,-,-,-,-,-
315,15,0.5,0.6,11.7,2.3,0.8,0.2,0.6,-,-,-,-,-,-,-
316,31.3,6.4,13.5,11.1,0.3,-,-,-,-,-,-,-,-,-,-
317,11,0.6,0.3,8,2.1,1,0.1,0.9,0.1,-,-,-,-,-,0.1
318,29,1.4,2.4,20.8,4.4,0.3,-,0.3,-,-,-,-,-,-,-
319,44,3,13,28,-,-,-,-,-,-,-,-,-,-,-
320,20.3,1.1,0.4,15.4,3.3,0.6,-,0.6,0.1,-,-,-,-,-,0.1
321,29.6,1.1,0.8,25.1,2.6,0.7,0.3,0.5,-,-,-,-,-,-,-
322,10.6,0.2,0.4,6.6,3.4,0.6,0.1,0.5,0.1,-,-,-,-,-,-
323,16.9,0.4,0.1,14.3,2,1.3,0.6,0.7,-,-,-,-,-,-,-
324,22.3,2.3,2.7,15.3,2,0.1,0.1,-,-,-,-,-,-,-,-
325,18.9,0.2,0.6,15.3,2.8,0.4,0.1,0.3,0.2,0.1,-,-,-,-,0.1
326,13.8,0.6,0.4,8.8,3.9,0.6,0.1,0.5,0.1,-,-,-,-,-,0.1
327,16.7,0.6,0.2,12.2,3.8,0.7,-,0.7,0.1,-,-,-,-,-,-
328,20.8,0.5,1.2,15.2,3.9,0.4,-,0.4,-,-,-,-,-,-,-
329,37.8,2.2,3.2,27.6,4.8,0.8,0.2,0.6,-,-,-,-,-,-,-
330,9.8,0.1,0.1,6.7,2.8,0.4,-,0.4,-,-,-,-,-,-,-
331,33.8,1,0.8,28.1,4,0.6,0.1,0.5,-,-,-,-,-,-,-
332,25.8,6.2,6.8,12.8,-,-,-,-,-,-,-,-,-,-,-
333,36.4,5.4,8.6,22.3,0.1,0.1,0.1,-,-,-,-,-,-,-,-
334,16,0.3,0.4,12.4,2.9,0.4,-,0.4,-,-,-,-,-,-,-
335,16.9,0.7,0.6,13,2.5,0.5,-,0.5,-,-,-,-,-,-,-
336,27,0.5,1.2,23.6,1.7,0.3,-,0.3,-,-,-,-,-,-,-
337,12.9,0.3,0.4,10.2,2,0.7,0.1,0.6,0.1,0.1,-,-,-,-,-
338,31.2,1.7,0.6,25.6,3.3,0.2,0.1,0.1,-,-,-,-,-,-,-
339,43.8,2.2,1.4,36.3,4,0.4,0.1,0.3,-,-,-,-,-,-,-
340,33.5,1.8,1.6,28.8,1.4,0.8,0.5,0.3,-,-,-,-,-,-,-
341,47.5,2.8,2.2,40.9,1.6,0.3,0.1,0.2,-,-,-,-,-,-,-
342,34.2,1.9,1.7,27.6,3.1,0.1,0.1,0.1,-,-,-,-,-,-,-
343,35.1,8,8.4,18.6,0.2,0.1,0.1,-,-,-,-,-,-,-,-
344,9.8,0.2,-,7.4,2.1,0.6,-,0.6,0.1,-,-,-,-,-,0.1
345,37.1,2.2,1.1,32.2,1.6,0.7,0.3,0.4,0.1,0.1,0.1,-,-,-,0.1
346,38.2,0.4,0.3,34.4,3.2,1.2,0.2,0.9,0.1,-,-,-,-,-,0.1
347,32.1,2.7,1,26.6,1.9,-,-,-,-,-,-,-,-,-,-
348,5.1,0.2,0.1,2.9,1.9,0.7,-,0.7,0.2,-,-,-,-,-,0.2
349,26.8,6.4,14.8,5.6,-,-,-,-,-,-,-,-,-,-,-
350,27.1,0.6,0.6,22.2,3.6,0.5,-,0.5,-,-,-,-,-,-,-
351,36.4,1.8,1,30.3,3.4,0.1,-,0.1,-,-,-,-,-,-,-
352,12.7,0.1,0.2,9.3,3.1,0.5,0.1,0.4,0.2,-,-,-,-,-,0.2
353,20.6,0.8,0.9,15.8,3.1,0.9,0.2,0.6,-,-,-,-,-,-,-
354,11.4,0.5,0.5,7.5,2.9,0.4,-,0.4,0.1,-,-,-,-,-,0.1
355,45.4,2.1,2.2,38.5,2.6,0.2,0.1,0.1,-,-,-,-,-,-,-
356,22.1,0.6,0.4,18.6,2.5,0.7,0.2,0.5,-,-,-,-,-,-,-
357,28.6,1.4,1.8,22.5,2.9,0.6,-,0.5,-,-,-,-,-,-,-
358,31.6,1,1.5,25.7,3.5,0.7,0.1,0.6,0.1,-,-,-,-,-,0.1
359,24.5,1.6,0.6,20.7,1.7,0.9,0.2,0.7,-,-,-,-,-,-,-
360,8,0.2,-,6.7,1.1,0.8,-,0.8,-,-,-,-,-,-,-
361,22.8,0.6,1.3,17.6,3.3,1,-,1,0.1,-,-,-,-,-,0.1
362,21.3,0.9,0.8,15.6,4.1,0.4,-,0.4,0.1,-,-,-,-,-,0.1
363,10.2,0.3,0.3,6.9,2.7,0.5,0.1,0.4,0.1,-,-,-,-,-,0.1
364,27.6,5.5,7.4,14.5,0.2,-,-,-,-,-,-,-,-,-,-
365,29.8,1.3,1.7,23.4,3.4,0.7,0.1,0.6,-,-,-,-,-,-,-
366,17.6,0.2,0.1,15.6,1.8,0.5,-,0.5,0.1,-,-,-,-,-,0.1
367,28.7,1.3,1.4,22.7,3.3,0.1,-,0.1,-,-,-,-,-,-,-
368,24.2,0.9,0.4,21.1,1.8,0.6,0.1,0.5,0.1,-,-,-,-,-,0.1
369,8.3,0.1,0.2,6.3,1.7,0.3,-,0.3,-,-,-,-,-,-,-
370,44.6,2.2,3.3,35.5,3.6,0.1,-,0.1,-,-,-,-,-,-,-
371,21,1.2,1.5,15.9,2.4,1.1,0.6,0.6,0.1,-,-,-,-,-,-
372,14.2,0.4,0.2,9.7,3.9,0.7,-,0.7,-,-,-,-,-,-,-
373,11.9,0.6,0.3,8.2,2.8,0.8,0.1,0.7,0.2,-,-,0.1,-,-,0.1
374,26.7,0.9,0.5,22.7,2.6,0.5,-,0.5,-,-,-,-,-,-,-
375,22.4,2.5,1.3,15.9,2.6,0.6,0.4,0.2,0.1,-,-,-,-,-,0.1
376,14.5,0.6,0.9,11,2,0.2,0.1,0.1,-,-,-,-,-,-,-
377,21.3,0.8,0.6,17.4,2.6,0.4,-,0.4,-,-,-,-,-,-,-
378,43.6,2,2.8,36,2.8,0.1,-,0.1,-,-,-,-,-,-,-
379,22.5,0.8,1.5,16.9,3.2,0.5,0.1,0.4,-,-,-,-,-,-,-
380,22.8,1.3,0.5,17.4,3.6,0.1,-,0.1,-,-,-,-,-,-,-
381,40.5,1.9,1.4,33.1,4.1,0.6,0.1,0.6,-,-,-,-,-,-,-
382,26.1,1.9,2.5,18.9,2.8,0.1,0.1,-,-,-,-,-,-,-,-
383,13.4,0.4,0.3,11.6,1.1,1,0.1,0.9,0.1,-,-,-,-,-,0.1
384,19.4,0.8,1.3,14.1,3.2,0.8,0.3,0.5,-,-,-,-,-,-,-
385,24.8,1.2,2.2,18.6,2.8,0.2,0.1,0.2,-,-,-,-,-,-,-
386,14.3,0.5,1.1,9,3.6,0.7,0.2,0.5,0.1,-,-,-,-,-,-
387,6.3,0.1,-,4.5,1.7,0.6,-,0.6,-,-,-,-,-,-,-
388,20.6,1.2,0.6,16.4,2.4,0.4,-,0.3,-,-,-,-,-,-,-
389,42.4,2.8,1.7,34.1,3.7,0.5,-,0.5,-,-,-,-,-,-,-
390,28.1,2.3,3.3,19.7,2.9,0.1,-,0.1,-,-,-,-,-,-,-
391,24.6,1.5,1.2,19,3,0.3,0.1,0.2,-,-,-,-,-,-,-
392,26.6,1.1,1.6,20.8,3.2,0.4,0.1,0.3,0.1,0.1,-,-,-,-,-
393,19.3,0.6,0.8,15.3,2.6,0.5,-,0.5,-,-,-,-,-,-,-
394,37.4,1.9,2.1,29.9,3.5,0.8,0.1,0.7,-,-,-,-,-,-,-
395,24.3,1.3,2.6,16.6,3.7,0.5,-,0.5,-,-,-,-,-,-,-
396,24,1,0.4,20.2,2.4,0.9,0.1,0.8,0.1,-,-,-,-,-,-
397,42.5,1.5,2.3,35.8,3,-,-,-,-,-,-,-,-,-,-
398,19.4,0.5,0.5,16.7,1.8,0.3,-,0.3,-,-,-,-,-,-,-
399,17,0.8,0.8,12.2,3.3,0.1,-,0.1,-,-,-,-,-,-,-
400,17.4,0.8,0.7,12.9,2.9,0.6,0.2,0.5,0.1,-,-,-,-,-,0.1
401,45,3,1.5,38,2.5,0.3,-,0.3,0.1,-,-,-,-,-,0.1
402,12.1,0.3,0.4,9.9,1.5,0.3,-,0.3,-,-,-,-,-,-,-
403,9.2,0.3,0.4,6.3,2.1,0.5,0.1,0.4,0.1,0.1,-,-,-,-,-
404,13,0.2,0.3,10.4,2.1,0.2,-,0.2,0.1,-,-,-,-,-,-
405,32.7,6.4,6.3,20,-,-,-,-,-,-,-,-,-,-,-
406,27.1,1.1,1.4,21.9,2.7,0.3,-,0.3,-,-,-,-,-,-,-
407,29,-,-,24,5,1,-,1,-,-,-,-,-,-,-
408,18.7,1,1.9,12.9,3,-,-,-,-,-,-,-,-,-,-
409,16.5,1.5,1.2,12.5,1.4,0.5,-,0.5,0.1,-,-,-,-,-,0.1
410,29.5,3.5,0.3,25.3,0.5,-,-,-,-,-,-,-,-,-,-
411,25.3,1.3,1.6,18.5,3.8,0.9,0.2,0.7,0.1,0.1,-,-,-,-,-
412,9.6,0.3,0.5,7.3,1.4,0.6,-,0.6,0.1,0.1,-,-,-,-,0.1
413,7,0.1,0.2,6,0.7,0.5,0.1,0.4,0.1,-,-,-,-,-,0.1
414,13.9,0.3,-,11.8,1.8,0.5,-,0.5,0.1,-,-,0.1,-,-,0.1
415,22.6,1.5,2.1,17,2.1,0.1,0.1,-,-,-,-,-,-,-,-
416,9.7,0.1,0.1,7.1,2.2,0.3,-,0.3,-,-,-,-,-,-,-
417,8.3,0.1,0.2,6.6,1.4,0.4,-,0.4,-,-,-,-,-,-,-
418,12.1,0.1,0.2,10.2,1.7,0.4,-,0.4,-,-,-,-,-,-,-
419,13.3,0.9,0.9,9.7,1.9,0.1,-,0.1,-,-,-,-,-,-,-
420,18.6,0.2,0.3,16.5,1.6,0.2,-,0.2,-,-,-,-,-,-,-
421,26,4,4,17.5,0.5,-,-,-,-,-,-,-,-,-,-
422,27,0.3,0.7,23,3,0.7,-,0.7,0.3,0.3,-,-,-,-,-
423,30.2,1.1,0.6,26.1,2.6,0.3,-,0.3,-,-,-,-,-,-,-
424,17.3,0.5,0.3,14,2.5,0.3,-,0.3,-,-,-,-,-,-,-
425,8.3,-,0.3,5.3,2.7,-,-,-,-,-,-,-,-,-,-
426,9.4,0.1,0.1,7.6,1.5,0.1,-,0.1,-,-,-,-,-,-,-
427,18.8,1.1,1,13.2,3.5,0.9,0.2,0.7,-,-,-,-,-,-,-
428,11.5,0.6,0.5,7.8,2.6,0.5,0.2,0.2,-,-,-,-,-,-,-
429,11,0.4,0.4,8.1,2,0.1,-,0.1,-,-,-,-,-,-,-
430,3.5,0.3,0.3,2.3,0.8,0.8,0.3,0.5,-,-,-,-,-,-,-
431,20.4,0.5,0.7,15.6,3.6,0.2,-,0.2,-,-,-,-,-,-,-
432,20.5,0.9,1.3,14.9,3.4,0.5,-,0.5,0.1,-,-,-,-,-,-
433,30.3,1.5,2.5,24,2.3,-,-,-,-,-,-,-,-,-,-
434,32.3,1.8,1.2,25.5,3.8,-,-,-,-,-,-,-,-,-,-
435,4,-,-,3,1,-,-,-,-,-,-,-,-,-,-
436,23,0.5,0.5,20.5,1.5,0.3,-,0.3,-,-,-,-,-,-,-
437,26.9,0.8,0.5,22.6,2.9,0.4,-,0.4,-,-,-,-,-,-,-
438,25,1.7,1.2,20.7,1.4,-,-,-,-,-,-,-,-,-,-
439,42.5,2.1,0.9,37.3,2.3,0.2,-,0.2,-,-,-,-,-,-,-
440,4.4,0.1,-,3.5,0.8,0.6,0.1,0.5,-,-,-,-,-,-,-
441,17.5,0.8,0.3,14.4,2,0.9,0.2,0.7,-,-,-,-,-,-,-
442,9.4,-,1.4,6.6,1.4,0.2,-,0.2,-,-,-,-,-,-,-
443,35.1,1.1,1.4,30.4,2.3,0.1,-,0.1,-,-,-,-,-,-,-
444,36.2,2.3,2.9,30,1,0.1,-,0.1,-,-,-,-,-,-,-
445,27.2,7.5,8.9,10.6,0.2,-,-,-,-,-,-,-,-,-,-
446,6.1,-,-,4.7,1.4,0.1,-,0.1,-,-,-,-,-,-,-
447,10.8,-,-,5.2,5.7,-,-,-,-,-,-,-,-,-,-
448,20.3,0.9,1.7,15.6,2.1,0.2,-,0.2,-,-,-,-,-,-,-
449,8.6,0.1,0.1,6.1,2.3,0.3,-,0.3,-,-,-,-,-,-,-
450,21.7,0.7,1.2,17.8,2,0.1,-,0.1,-,-,-,-,-,-,-
451,6.4,0.1,0.1,4.9,1.3,0.4,-,0.4,-,-,-,-,-,-,-
452,7.8,0.2,0.1,5.9,1.6,0.4,0.1,0.3,0.1,-,-,-,-,-,0.1
453,19.3,0.4,0.6,15.2,3.1,0.6,-,0.6,-,-,-,-,-,-,-
454,36.9,0.6,0.9,32,3.4,0.6,-,0.6,0.1,-,-,-,-,-,0.1
455,8,-,-,6.5,1.4,0.5,-,0.5,-,-,-,-,-,-,-
456,26.4,7.6,10.8,8,-,-,-,-,-,-,-,-,-,-,-
457,39.5,2,2,33.2,2.3,-,-,-,-,-,-,-,-,-,-
458,5.5,0.2,0.1,3.8,1.4,0.4,-,0.4,0.2,0.1,-,-,-,-,0.1
459,17.4,0.4,0.9,13.2,2.9,0.8,0.3,0.6,-,-,-,-,-,-,-
460,26.5,2,1,21,2.5,0.5,-,0.5,-,-,-,-,-,-,-
461,23.8,1.1,0.6,20.5,1.5,0.2,0.1,0.2,-,-,-,-,-,-,-
462,17.1,0.5,0.1,15,1.5,0.3,-,0.3,-,-,-,-,-,-,-
463,8.9,0.1,0.1,7.4,1.3,0.7,0.1,0.6,0.1,0.1,-,-,-,-,-
464,6.1,-,0.2,3.6,2.4,0.4,-,0.4,-,-,-,-,-,-,-
465,12,-,-,8,4,-,-,-,-,-,-,-,-,-,-
466,8.3,0.2,0.4,6.2,1.5,0.2,-,0.2,-,-,-,-,-,-,-
467,10.6,0.1,0.1,8.3,2.1,0.4,-,0.4,-,-,-,-,-,-,-
468,21.1,1.5,3.5,13.7,2.4,0.5,0.1,0.5,-,-,-,-,-,-,-
469,5.2,0.2,0.1,3.4,1.4,0.3,-,0.3,-,-,-,-,-,-,-
470,9.3,0.4,1.3,6.3,1.4,0.3,-,0.3,-,-,-,-,-,-,-
471,7.2,0.1,0.1,6,1,0.1,-,0.1,-,-,-,-,-,-,-
472,17.4,0.4,0.2,14.8,2,0.2,-,0.2,-,-,-,-,-,-,-
473,30.3,1.4,1.3,25.3,2.3,0.3,-,0.3,0.1,-,-,-,-,-,0.1
474,8.6,0.1,0.8,5.6,2.1,0.7,0.2,0.4,-,-,-,-,-,-,-
475,11.5,0.1,0.5,8.9,2.1,0.2,-,0.2,-,-,-,-,-,-,-
476,8,-,0.1,6.6,1.3,0.3,-,0.3,-,-,-,-,-,-,-
477,15.5,1.1,1.5,11,2,0.2,0.1,0.1,-,-,-,-,-,-,-
478,8.6,0.3,0.6,5.8,1.8,0.3,-,0.3,-,-,-,-,-,-,-
479,40,1.3,1.6,34.4,2.7,-,-,-,-,-,-,-,-,-,-
480,12,0.4,0.9,9.4,1.3,0.3,-,0.3,-,-,-,-,-,-,-
481,5.3,-,-,4,1.3,-,-,-,-,-,-,-,-,-,-
482,4.5,0.1,0.1,3.8,0.6,0.2,0.1,0.1,-,-,-,-,-,-,-
483,8.7,1,0.7,6,1,-,-,-,-,-,-,-,-,-,-
484,10.9,0.4,0.3,9.2,1,0.3,-,0.3,-,-,-,-,-,-,-
485,8.3,0.1,0.1,6.2,1.8,0.6,0.1,0.5,-,-,-,-,-,-,-
486,7.2,0.2,-,4,3,-,-,-,-,-,-,-,-,-,-
487,15.5,0.5,0.5,13.5,1,-,-,-,-,-,-,-,-,-,-
488,27.4,0.4,1.8,21.2,4,-,-,-,-,-,-,-,-,-,-
489,11.9,0.2,0.8,9.6,1.3,0.2,-,0.2,-,-,-,-,-,-,-
490,7.6,0.1,0.7,5.4,1.3,0.2,-,0.2,-,-,-,-,-,-,-
491,11.8,0.3,0.4,9,2,0.1,-,0.1,-,-,-,-,-,-,-
492,19,1.2,1.2,15.2,1.4,0.2,-,0.2,-,-,-,-,-,-,-
493,9.5,0.5,0.5,6.3,2.3,0.3,-,0.3,-,-,-,-,-,-,-
494,7,0.4,0.1,4.9,1.6,0.4,-,0.4,-,-,-,-,-,-,-
495,23.6,0.5,1.2,17.9,4,0.6,0.1,0.6,0.1,-,-,-,-,-,0.1
496,5,0.1,0.1,3.6,1.2,0.2,-,0.2,0.1,0.1,-,-,-,-,-
497,6.6,0.1,-,4.6,1.9,0.5,-,0.5,-,-,-,-,-,-,-
498,25.5,0.5,0.8,21.5,2.8,0.2,-,0.2,-,-,-,-,-,-,-
499,4,-,-,3,1,-,-,-,-,-,-,-,-,-,-
500,23.6,0.2,0.4,18.4,4.6,0.2,-,0.2,-,-,-,-,-,-,-
501,6.7,-,0.2,5.8,0.7,0.2,-,0.2,-,-,-,-,-,-,-
502,6.5,0.3,0.4,4.4,1.4,0.3,0.1,0.1,-,-,-,-,-,-,-
503,8.6,1,0.7,6.3,0.6,0.3,0.1,0.1,-,-,-,-,-,-,-
504,13.5,0.5,-,11.5,1.5,-,-,-,-,-,-,-,-,-,-
505,6.5,0.2,0.1,5.2,0.9,0.2,-,0.2,-,-,-,-,-,-,-
506,14.5,0.6,0.2,12.2,1.6,0.3,-,0.3,-,-,-,-,-,-,-
507,6.3,0.1,0.2,4.6,1.4,0.3,-,0.3,-,-,-,-,-,-,-
508,5,-,0.1,3.2,1.8,0.3,-,0.3,-,-,-,-,-,-,-
509,4,1,-,3,-,-,-,-,-,-,-,-,-,-,-
510,8,-,-,7,1,-,-,-,-,-,-,-,-,-,-
511,9.9,0.1,0.3,7.7,1.8,0.5,0.1,0.4,-,-,-,-,-,-,-
512,8.8,0.4,0.2,5.8,2.4,0.4,-,0.4,-,-,-,-,-,-,-
513,16.5,-,0.5,13.5,2.5,0.5,-,0.5,-,-,-,-,-,-,-
514,3,-,-,2.5,0.5,-,-,-,-,-,-,-,-,-,-
515,13.5,0.6,0.5,10,2.5,0.3,0.1,0.1,-,-,-,-,-,-,-
516,9.8,0.2,0.2,6.3,3.2,0.7,0.1,0.5,-,-,-,-,-,-,-
517,1,-,-,1,-,-,-,-,-,-,-,-,-,-,-
518,9,-,-,9,-,-,-,-,-,-,-,-,-,-,-
519,3,-,-,1,2,1,-,1,-,-,-,-,-,-,-
520,8.4,0.2,0.4,7,0.8,0.4,-,0.4,-,-,-,-,-,-,-
521,18.8,0.2,-,16.3,2.3,-,-,-,-,-,-,-,-,-,-
522,7,-,0.5,5.5,1,-,-,-,-,-,-,-,-,-,-
523,30.5,1.8,0.3,25,3.5,0.5,-,0.5,-,-,-,-,-,-,-
524,14,-,1,12.3,0.7,-,-,-,-,-,-,-,-,-,-
525,12.9,-,0.1,9.9,2.9,0.3,-,0.3,-,-,-,-,-,-,-
526,10.4,1.1,0.6,6.9,1.7,0.5,0.2,0.4,-,-,-,-,-,-,-
527,12.2,0.6,0.6,8.6,2.4,0.1,-,0.1,-,-,-,-,-,-,-
528,4,-,-,2.3,1.7,0.3,-,0.3,0.3,-,-,0.3,-,-,-
529,28.7,0.7,0.3,22.3,5.3,1,-,1,-,-,-,-,-,-,-
530,17.7,1.4,2,12,2.2,0.3,0.1,0.2,-,-,-,-,-,-,-
531,3,-,-,1.7,1.3,0.1,-,0.1,-,-,-,-,-,-,-
532,20.8,0.5,-,18.5,1.8,0.3,-,0.3,-,-,-,-,-,-,-
533,7.7,0.2,1,5.8,0.7,-,-,-,-,-,-,-,-,-,-
534,20.6,0.5,0.5,17.1,2.5,0.3,0.1,0.2,-,-,-,-,-,-,-
535,3.3,-,-,2.9,0.4,0.2,-,0.2,-,-,-,-,-,-,-
536,2,-,-,1.3,0.7,0.7,-,0.7,-,-,-,-,-,-,-
537,5.4,0.2,0.4,4.2,0.6,-,-,-,-,-,-,-,-,-,-
538,3.3,0.3,1,1.7,0.3,-,-,-,-,-,-,-,-,-,-
539,22,0.7,1,18,2.3,-,-,-,-,-,-,-,-,-,-
540,4.9,0.2,0.3,2.7,1.7,0.7,0.3,0.3,-,-,-,-,-,-,-
541,13.3,0.2,0.2,9.8,3.2,0.2,-,0.2,-,-,-,-,-,-,-
542,12.7,0.1,-,10,2.6,0.1,-,0.1,-,-,-,-,-,-,-
543,8.7,0.1,0.2,6.2,2.2,0.3,-,0.3,-,-,-,-,-,-,-
544,3.4,-,0.1,1.9,1.3,0.3,-,0.3,0.1,-,-,-,-,-,0.1
545,8.4,0.1,0.1,7.4,0.8,0.1,-,0.1,-,-,-,-,-,-,-
546,12.7,0.7,0.2,9.9,1.9,0.2,0.1,0.1,-,-,-,-,-,-,-
547,8.4,0.6,0.4,6.2,1.2,0.2,-,0.2,-,-,-,-,-,-,-
548,8.8,0.2,0.3,6.5,1.8,0.4,-,0.4,-,-,-,-,-,-,-
549,5,0.1,-,2.7,2.2,0.2,-,0.2,-,-,-,-,-,-,-
550,8.6,0.4,0.1,6.8,1.2,0.2,-,0.2,-,-,-,-,-,-,-
551,12,-,-,11,1,-,-,-,-,-,-,-,-,-,-
552,9.6,0.4,-,8,1.1,0.6,-,0.6,-,-,-,-,-,-,-
553,5.7,-,-,5,0.7,0.3,-,0.3,-,-,-,-,-,-,-
554,15.4,0.6,1,12.8,1,0.1,-,0.1,-,-,-,-,-,-,-
555,3.7,-,-,2.7,1,0.3,-,0.3,-,-,-,-,-,-,-
556,10,1,1,6,2,-,-,-,-,-,-,-,-,-,-
557,2.9,0.1,0.1,1.9,0.9,0.1,-,0.1,-,-,-,-,-,-,-
558,5.8,0.1,0.5,3,2.1,-,-,-,-,-,-,-,-,-,-
559,6.6,0.1,0.1,5.6,0.8,0.1,-,0.1,-,-,-,-,-,-,-
560,5.6,0.1,0.1,3.2,2.2,0.3,-,0.3,-,-,-,-,-,-,-
561,4.8,-,-,3,1.8,0.1,-,0.1,-,-,-,-,-,-,-
562,7.5,0.5,-,7,-,-,-,-,-,-,-,-,-,-,-
563,39,1.3,2.3,33,2.3,0.3,-,0.3,-,-,-,-,-,-,-
564,6,-,-,5.8,0.3,-,-,-,-,-,-,-,-,-,-
565,4,-,-,3,1,-,-,-,-,-,-,-,-,-,-
566,2.6,0.1,0.1,1.1,1.2,-,-,-,-,-,-,-,-,-,-
567,3,-,-,2.7,0.3,0.2,-,0.2,-,-,-,-,-,-,-
568,6,0.4,0.4,3.6,1.6,0.1,-,0.1,-,-,-,-,-,-,-
569,9,-,0.7,7.3,1,-,-,-,-,-,-,-,-,-,-
570,6.8,-,0.3,3.8,2.8,0.5,-,0.5,-,-,-,-,-,-,-
571,12,-,-,11,1,-,-,-,-,-,-,-,-,-,-
572,6,0.2,0.2,4.2,1.5,-,-,-,-,-,-,-,-,-,-
573,8.6,0.3,-,5,3.3,0.1,-,0.1,-,-,-,-,-,-,-
574,4,-,0.5,3.5,-,-,-,-,-,-,-,-,-,-,-
575,10,0.5,-,5.5,4,-,-,-,-,-,-,-,-,-,-
576,13,-,0.5,11.5,1,-,-,-,-,-,-,-,-,-,-
577,11,1,-,8,2,-,-,-,-,-,-,-,-,-,-
578,6.6,-,0.2,5.4,1,-,-,-,-,-,-,-,-,-,-
579,2,-,-,2,-,-,-,-,-,-,-,-,-,-,-
580,15.8,0.5,1.5,11.8,2,0.1,-,0.1,-,-,-,-,-,-,-
581,9,-,-,7,2,-,-,-,-,-,-,-,-,-,-
582,5,-,-,4,1,-,-,-,-,-,-,-,-,-,-
583,1,-,-,1,-,-,-,-,-,-,-,-,-,-,-
584,8.7,0.2,0.3,6.8,1.4,0.1,0.1,-,-,-,-,-,-,-,-
585,8.8,0.3,0.3,6.8,1.5,0.8,-,0.8,-,-,-,-,-,-,-
586,8.5,-,-,7,1.5,1,0.5,0.5,-,-,-,-,-,-,-
587,4.7,0.1,0.1,3.6,0.9,0.1,-,0.1,-,-,-,-,-,-,-
588,1.8,0.2,-,0.5,1.2,-,-,-,-,-,-,-,-,-,-
589,1.8,-,-,1.5,0.3,-,-,-,-,-,-,-,-,-,-
590,27.9,3.6,5.3,18.8,0.3,-,-,-,-,-,-,-,-,-,-
591,3.8,0.2,0.4,2.2,1,-,-,-,-,-,-,-,-,-,-
592,6.7,0.3,0.3,5.3,0.7,0.3,-,0.3,-,-,-,-,-,-,-
593,2.3,-,-,1.7,0.7,-,-,-,-,-,-,-,-,-,-
594,6.3,0.3,0.1,3.8,2.1,0.1,-,0.1,-,-,-,-,-,-,-
595,2,-,-,2,-,-,-,-,-,-,-,-,-,-,-
596,-,-,-,-,-,-,-,-,-,-,-,-,-,-,-
597,-,-,-,-,-,-,-,-,-,-,-,-,-,-,-
598,4.6,-,-,3.4,1.2,-,-,-,-,-,-,-,-,-,-
599,4,-,-,4,-,-,-,-,-,-,-,-,-,-,-
600,-,-,-,-,-,-,-,-,-,-,-,-,-,-,-
601,1,-,-,1,-,-,-,-,-,-,-,-,-,-,-
602,3,1,-,-,2,-,-,-,-,-,-,-,-,-,-
603,1,-,1,-,-,-,-,-,-,-,-,-,-,-,-
604,2.7,-,-,1.8,0.9,0.1,-,0.1,-,-,-,-,-,-,-
605,1,-,-,1,-,-,-,-,-,-,-,-,-,-,-
606,3,-,2,1,-,-,-,-,-,-,-,-,-,-,-
607,26.3,1,1,21.7,2.7,-,-,-,-,-,-,-,-,-,-
608,3,-,-,2,1,1,-,1,-,-,-,-,-,-,-
609,24.1,1,0.4,20.9,1.9,-,-,-,-,-,-,-,-,-,-
610,2,-,-,2,-,1,-,1,-,-,-,-,-,-,-
611,1.5,-,-,1,0.5,-,-,-,-,-,-,-,-,-,-
612,4.3,-,-,3.3,1,0.3,-,0.3,-,-,-,-,-,-,-
613,5,-,-,4,1,-,-,-,-,-,-,-,-,-,-
614,8,1,-,6,1,-,-,-,-,-,-,-,-,-,-
615,3,-,-,2.5,0.5,-,-,-,-,-,-,-,-,-,-
616,4,-,-,3,1,-,-,-,-,-,-,-,-,-,-
617,4.6,0.2,-,2.8,1.6,-,-,-,-,-,-,-,-,-,-
618,-,-,-,-,-,-,-,-,-,-,-,-,-,-,-
619,6.5,-,-,4.5,2,-,-,-,-,-,-,-,-,-,-
620,3,-,0.3,1.7,1,-,-,-,-,-,-,-,-,-,-
621,19,-,-,16,3,1,-,1,-,-,-,-,-,-,-
622,16,4,6,5,1,-,-,-,-,-,-,-,-,-,-
623,18.3,0.8,0.6,15.3,1.6,-,-,-,-,-,-,-,-,-,-
624,3,-,-,3,-,-,-,-,-,-,-,-,-,-,-
