,TotTkl,DribPast,AttTkl,Intercpt,Fouled,Fouls,COF,Clr,BlkSh,BlkCr,BlkPs,TotSav,OOBSav,SYBSav,PASav
0,1.3,0.6,1.9,0.4,1.8,0.9,0.4,0.1,-,-,0.4,-,-,-,-
1,7,1,8,3,-,-,-,4,2,-,-,-,-,-,-
2,-,-,-,-,-,-,-,2,-,-,-,5,1,2,2
3,1.1,0.5,1.6,0.3,1.1,0.3,0.3,0.7,0.1,0.1,0.8,-,-,-,-
4,0.3,0.1,0.4,-,1.1,0.8,1.3,-,-,-,0.1,-,-,-,-
5,1.2,0.4,1.6,0.6,0.7,0.9,0.3,0.3,0.1,-,1.1,-,-,-,-
6,0.3,0.2,0.5,0.1,1.1,0.9,0.5,0.8,0.1,-,0.4,-,-,-,-
7,2,0.5,2.4,0.9,2.1,1,0.2,0.6,0.1,0.1,1.1,-,-,-,-
8,0.7,0.5,1.2,0.1,2.4,1,0.4,-,-,-,0.2,-,-,-,-
9,1,0.9,1.9,0.8,1.4,1.4,0.1,0.4,0.1,0.3,1,-,-,-,-
10,0.9,1.1,2.1,0.5,2.2,1.2,0.2,0.3,-,0.1,0.5,-,-,-,-
11,1.7,1.2,2.9,0.8,1.4,0.3,0.1,0.4,0.1,0.3,1.2,-,-,-,-
12,1.3,0.4,1.7,1.6,0.5,0.3,-,1.5,0.2,-,0.9,-,-,-,-
13,1.3,1,2.3,0.6,1.4,0.8,-,0.4,-,0.3,0.8,-,-,-,-
14,0.7,0.5,1.2,0.4,1.2,0.3,-,0.2,-,0.1,0.6,-,-,-,-
15,0.7,0.4,1.1,0.2,1,0.8,0.1,0.5,0.2,-,0.2,-,-,-,-
16,0.9,0.6,1.5,0.3,1.5,0.8,0.2,0.3,-,0.1,0.5,-,-,-,-
17,-,-,-,-,0.2,-,-,1,-,-,-,4.8,0.2,2.3,2.3
18,1.6,0.4,2,1,0.7,1.5,-,2.8,0.7,0.1,0.4,-,-,-,-
19,0.6,0.4,1,0.2,1.5,1,0.6,0.4,-,0.1,0.5,-,-,-,-
20,-,-,-,1,-,2,-,7,-,1,-,-,-,-,-
21,1.5,0.3,1.9,1.1,0.2,0.9,-,5.7,0.7,0.5,0.6,-,-,-,-
22,1,0.8,1.7,0.2,1.3,0.6,0.4,0.1,-,0.2,0.6,-,-,-,-
23,1.5,0.3,1.9,0.2,2.6,0.6,-,0.1,0.1,-,0.6,-,-,-,-
24,1.4,1.7,3.1,0.4,1.4,0.9,0.2,1,0.1,0.2,0.4,-,-,-,-
25,0.9,0.2,1.1,0.7,1,0.6,-,3.8,0.3,0.2,0.4,-,-,-,-
26,1.3,0.3,1.6,1.7,0.7,0.6,-,5.4,0.3,0.1,0.2,-,-,-,-
27,1.2,0.4,1.6,1.4,0.6,0.5,-,6.4,1,0.1,0.6,-,-,-,-
28,-,-,-,-,0.2,-,-,1.2,-,-,-,3.8,0.2,2.2,1.4
29,0.6,0.3,0.8,0.1,0.9,1.1,0.4,0.5,0.1,-,0.4,-,-,-,-
30,0.5,0.3,0.9,0.4,1.2,0.7,0.5,0.9,0.1,0.1,0.9,-,-,-,-
31,2.5,2.3,4.8,1.3,1.5,1.5,-,1.3,-,0.5,1.5,-,-,-,-
32,1.5,0.5,2,-,1,1.5,-,0.5,-,0.5,1,-,-,-,-
33,1.5,0.3,1.8,0.7,1,0.6,-,4.3,0.8,0.1,0.3,-,-,-,-
34,2,1.2,3.2,1.8,1,1.3,-,2.3,0.5,-,0.6,-,-,-,-
35,1.1,0.4,1.5,2.1,0.6,1.1,-,5.3,0.5,-,-,-,-,-,-
36,2.2,0.7,2.9,0.9,1.6,1.1,0.1,1,0.4,0.2,0.8,-,-,-,-
37,1.3,0.4,1.7,1.1,0.3,1,0.2,6.3,0.7,0.1,0.4,-,-,-,-
38,2,0.9,2.9,1,0.8,1.2,0.1,2.7,0.2,0.7,1.2,-,-,-,-
39,0.5,0.3,0.8,0.2,0.8,0.5,0.1,0.2,-,-,0.4,-,-,-,-
40,1.3,-,1.3,0.8,0.2,0.9,-,1.8,0.4,0.3,-,-,-,-,-
41,2.1,0.8,2.9,0.8,0.5,0.7,0.2,1.8,0.1,0.4,1.1,-,-,-,-
42,0.7,0.6,1.3,-,0.2,0.8,0.2,0.2,-,-,0.4,-,-,-,-
43,1.4,0.8,2.3,0.6,2.1,1.5,0.4,0.5,0.1,0.1,0.9,-,-,-,-
44,1.5,0.7,2.1,1.5,0.8,0.9,-,2.7,0.7,-,0.3,-,-,-,-
45,0.9,0.7,1.5,0.2,0.7,0.3,0.4,0.7,-,-,0.5,-,-,-,-
46,2,0.5,2.6,0.8,0.7,0.6,0.1,1.5,0.3,0.1,0.6,-,-,-,-
47,1.5,0.4,1.9,1.3,0.8,0.4,-,1.8,0.4,0.6,0.6,-,-,-,-
48,2.2,0.4,2.6,0.8,1.3,0.7,-,2.8,0.4,0.6,0.8,-,-,-,-
49,2,0.7,2.7,0.6,0.6,0.7,0.2,1.8,0.2,0.3,0.9,-,-,-,-
50,2.6,0.8,3.4,1.1,0.6,1.4,0.1,2.5,0.1,0.2,0.6,-,-,-,-
51,-,-,-,-,1,-,-,-,-,-,-,1,-,-,1
52,1.4,0.3,1.7,1.3,0.5,1,-,4.1,0.3,0.1,0.5,-,-,-,-
53,2.2,0.9,3,1.4,1.2,2.4,-,1.8,0.3,-,0.8,-,-,-,-
54,0.9,0.1,1,0.9,0.3,1.4,0.1,6,1,-,0.3,-,-,-,-
55,1.2,0.4,1.6,1.4,0.8,0.7,-,5.1,0.7,0.1,0.3,-,-,-,-
56,0.5,0.4,0.9,0.2,1.8,1.6,0.8,1.1,-,-,0.5,-,-,-,-
57,1.8,1.1,2.9,0.7,1.4,1.2,-,0.9,-,-,0.8,-,-,-,-
58,2.1,0.5,2.6,1.2,0.6,1.2,-,2.3,0.5,-,0.7,-,-,-,-
59,0.7,0.3,1,-,0.3,0.3,1,-,-,-,0.3,-,-,-,-
60,2.9,1,3.9,1.2,1.4,1.1,0.1,3.4,0.2,0.3,0.7,-,-,-,-
61,1.5,0.5,2,-,3.5,1.5,-,-,-,-,1,-,-,-,-
62,-,-,-,-,-,-,-,1,-,-,-,3,-,3,-
63,0.9,0.3,1.2,0.3,0.8,0.8,0.1,0.4,0.1,0.1,0.5,-,-,-,-
64,3.3,0.9,4.3,1.4,0.8,1.5,0.1,3.9,0.4,0.5,1.1,-,-,-,-
65,0.5,0.6,1.1,0.1,0.6,0.7,0.1,0.4,-,0.1,-,-,-,-,-
66,1.4,0.8,2.2,0.4,0.9,1,0.3,0.8,0.1,0.2,0.9,-,-,-,-
67,1.2,0.4,1.6,1,0.2,0.7,-,6.1,0.8,0.1,0.3,-,-,-,-
68,2.2,1,3.2,1.1,2.4,2.4,0.2,1.6,0.1,-,0.6,-,-,-,-
69,2,0.8,2.8,0.5,0.4,0.9,0.3,0.6,0.1,0.2,1.2,-,-,-,-
70,-,-,-,-,-,-,-,0.8,-,-,-,2.4,0.2,1.4,0.9
71,2.8,0.8,3.5,0.6,0.8,0.9,-,2.2,0.7,0.3,1,-,-,-,-
72,1.5,0.4,2,1,0.5,0.9,-,5.1,1.2,0.1,0.5,-,-,-,-
73,1.3,0.9,2.2,0.4,1.6,0.9,0.3,0.7,0.1,0.3,0.8,-,-,-,-
74,0.3,0.1,0.3,-,0.4,0.7,0.2,0.7,-,-,0.1,-,-,-,-
75,0.9,0.5,1.5,0.8,0.5,0.6,0.1,0.4,0.2,0.1,0.3,-,-,-,-
76,1.5,0.3,1.8,1,0.3,0.8,-,5,0.4,0.1,0.3,-,-,-,-
77,1.5,0.5,2,1,0.9,1,-,6.4,1,0.1,0.4,-,-,-,-
78,2.3,0.8,3.1,1.7,0.6,1.4,0.3,4.2,0.5,0.6,0.8,-,-,-,-
79,1.4,0.5,1.9,1,0.4,1,-,6.2,0.7,-,0.5,-,-,-,-
80,2,1,3,0.4,1.4,1.5,0.2,1.7,0.1,0.2,0.4,-,-,-,-
81,0.3,0.1,0.4,0.3,1.5,1,0.8,1.4,-,-,0.2,-,-,-,-
82,2.6,1.2,3.7,1,1.7,1.2,0.1,2.7,0.1,0.4,1.2,-,-,-,-
83,3,1,4,0.9,1.3,1.5,0.1,2.9,0.3,0.2,0.9,-,-,-,-
84,0.3,0.2,0.5,-,1.3,1.4,0.5,0.5,0.1,-,0.4,-,-,-,-
85,2.6,1.2,3.8,0.9,1.2,1.3,-,0.8,0.1,0.1,0.6,-,-,-,-
86,0.9,0.2,1.1,0.6,0.9,0.4,0.1,3.7,0.2,0.2,0.1,-,-,-,-
87,1.4,0.8,2.2,1.2,0.9,1,-,1,0.1,0.1,0.3,-,-,-,-
88,0.6,0.2,0.8,0.2,1.3,0.5,-,0.7,0.1,0.2,0.7,-,-,-,-
89,2.7,1.4,4.1,1.1,2,1.7,0.1,2.6,0.4,0.1,1,-,-,-,-
90,1.1,0.6,1.8,1.1,0.9,1,0.1,4,0.3,0.3,0.5,-,-,-,-
91,0.3,0.1,0.4,0.2,1.6,1.8,0.4,1.5,0.1,-,0.3,-,-,-,-
92,1,0.2,1.1,1,0.9,1.3,0.1,4.3,0.9,0.1,0.3,-,-,-,-
93,1.1,0.5,1.6,0.3,1.9,0.8,0.1,0.8,-,0.4,0.7,-,-,-,-
94,2,0.5,2.5,1,1.4,0.8,-,1.7,0.3,0.1,0.7,-,-,-,-
95,1.4,0.3,1.8,1.1,0.4,0.8,-,4.6,0.8,-,0.3,-,-,-,-
96,0.6,0.6,1.2,0.4,0.5,0.1,0.4,0.5,-,-,0.2,-,-,-,-
97,1.9,0.6,2.4,0.7,1.3,0.7,-,0.5,0.2,-,0.7,-,-,-,-
98,1.6,0.9,2.5,0.8,-,0.8,-,2,0.4,0.6,0.1,-,-,-,-
99,0.9,0.3,1.2,0.4,0.3,0.6,-,2.4,0.3,-,0.1,-,-,-,-
100,0.9,0.6,1.5,0.4,1.9,0.5,0.2,0.3,-,0.1,1,-,-,-,-
101,0.6,0.6,1.2,-,1.3,0.6,0.3,0.4,-,-,0.4,-,-,-,-
102,1.9,0.9,2.8,1,1.6,1.1,-,0.7,0.2,0.3,0.7,-,-,-,-
103,0.6,0.5,1.1,0.3,0.8,1,0.3,0.9,-,-,0.8,-,-,-,-
104,0.1,0.1,0.2,-,0.1,-,-,1.1,-,-,-,3.5,0.4,2,1.1
105,2.5,1,3.5,0.5,0.9,1.2,-,1.3,0.5,0.1,1,-,-,-,-
106,1,-,1,1,-,-,-,7,-,-,-,-,-,-,-
107,2.5,1,3.5,2,1.2,1.2,-,2.5,0.3,0.3,0.7,-,-,-,-
108,1.5,0.5,2,1.1,0.5,0.6,-,4.7,0.4,0.1,0.4,-,-,-,-
109,2,0.8,2.8,0.9,0.5,1.9,-,1.2,0.1,0.2,1,-,-,-,-
110,1.5,0.3,1.8,0.7,0.4,1.7,-,6.7,0.6,0.1,0.6,-,-,-,-
111,0.5,0.2,0.6,-,1.7,1.5,0.6,0.7,0.1,-,0.2,-,-,-,-
112,1.3,0.6,1.9,0.9,0.5,1.4,-,4.6,0.9,0.1,0.2,-,-,-,-
113,0.9,0.8,1.7,0.7,1.1,0.5,0.3,0.9,-,0.4,0.9,-,-,-,-
114,0.1,0.1,0.2,-,0.2,-,-,0.7,-,-,-,3,0.1,1.9,1
115,0.8,0.3,1.1,0.6,-,1.6,-,5.1,0.7,0.1,0.3,-,-,-,-
116,2.3,1.2,3.5,1.3,1.2,1.3,-,3.4,0.2,0.2,1.1,-,-,-,-
117,0.8,1,1.8,0.5,1.2,0.9,0.1,0.2,-,0.1,0.7,-,-,-,-
118,1.4,0.3,1.8,1.1,0.5,1.1,-,6.5,0.6,0.2,0.4,-,-,-,-
119,0.9,0.4,1.3,0.2,1.2,0.5,0.2,0.3,-,-,0.6,-,-,-,-
120,1.5,0.6,2.1,1.1,0.8,1.3,-,4.5,0.5,-,0.6,-,-,-,-
121,1.4,0.5,1.9,0.9,0.6,0.4,0.1,1.8,0.2,0.6,0.7,-,-,-,-
122,1.1,0.7,1.8,0.4,1,0.6,0.1,0.5,-,0.1,0.5,-,-,-,-
123,1.3,0.7,2,0.6,1.2,1,0.2,1,0.2,0.1,0.3,-,-,-,-
124,1.3,0.4,1.7,0.2,1.3,0.8,0.1,0.2,0.1,0.3,0.6,-,-,-,-
125,1.4,0.6,2,0.4,1.6,0.9,0.2,0.3,-,0.1,1,-,-,-,-
126,0.9,0.6,1.4,0.6,1.4,0.8,0.2,0.7,-,0.1,0.6,-,-,-,-
127,0.1,-,0.1,-,0.1,-,-,1.2,-,-,-,1.4,0.1,1.1,0.2
128,1.1,0.2,1.3,0.8,0.3,0.3,0.1,2.6,0.7,0.1,0.6,-,-,-,-
129,1,0.9,1.9,0.6,1.8,0.8,0.2,0.2,0.1,-,0.8,-,-,-,-
130,0.5,0.4,0.9,0.3,1.2,0.6,0.2,0.1,-,0.1,0.6,-,-,-,-
131,1.8,0.8,2.6,0.6,1.1,0.9,0.1,1,0.1,0.1,0.5,-,-,-,-
132,1,0.8,1.8,0.7,1.1,0.9,-,1.1,-,-,0.2,-,-,-,-
133,0.3,-,0.3,0.3,-,0.3,-,-,0.3,-,-,-,-,-,-
134,1.2,0.3,1.4,0.4,0.2,0.7,-,1.5,0.3,-,0.5,-,-,-,-
135,-,1,1,2,-,-,-,1,-,-,-,-,-,-,-
136,1.4,0.6,2,0.4,1.5,1.4,0.1,1.3,0.2,-,0.8,-,-,-,-
137,0.9,0.4,1.2,0.4,2,0.6,0.1,0.1,-,0.1,0.8,-,-,-,-
138,2.2,0.8,3,0.8,0.2,1.2,0.1,2.4,0.1,0.3,0.8,-,-,-,-
139,0.8,0.5,1.3,0.4,1.3,0.7,0.3,0.5,0.1,0.2,0.5,-,-,-,-
140,1,0.5,1.5,0.4,0.6,0.4,0.2,0.8,0.1,0.1,0.4,-,-,-,-
141,1.4,0.6,2,1,0.4,1.1,-,0.9,0.4,0.1,0.9,-,-,-,-
142,2.7,0.3,3,0.3,1,1.3,-,1.3,0.3,-,1.3,-,-,-,-
143,1.3,0.4,1.7,0.4,1.1,1.4,0.3,0.6,0.1,0.1,0.5,-,-,-,-
144,1.6,0.5,2,0.5,0.6,1.6,-,0.4,0.1,-,0.2,-,-,-,-
145,2,0.8,2.9,0.7,0.6,1.2,-,2.5,0.3,0.4,1.1,-,-,-,-
146,0.3,0.2,0.5,0.2,0.5,0.2,0.2,0.2,-,-,0.2,-,-,-,-
147,1.5,0.7,2.2,0.7,0.9,0.6,-,0.9,0.2,0.1,0.5,-,-,-,-
148,-,-,-,-,0.2,-,-,1.4,-,-,-,2.2,-,1,1.2
149,1.4,0.4,1.8,1,0.5,0.9,-,3,0.4,0.1,0.6,-,-,-,-
150,-,-,-,0.1,0.1,-,-,0.8,-,-,0.1,2.5,0.1,1.6,0.8
151,-,0.1,0.1,-,0.1,0.2,-,0.8,-,-,-,1.8,0.2,1.1,0.5
152,1.6,1,2.5,0.7,1.3,0.9,-,0.7,0.1,0.2,0.6,-,-,-,-
153,1.1,1.2,2.3,0.7,0.8,0.7,0.1,1,0.1,0.2,0.8,-,-,-,-
154,1.8,0.9,2.7,1.5,0.5,0.7,-,2,0.4,0.3,0.4,-,-,-,-
155,0.8,0.2,1,1,0.5,0.5,-,4.9,0.7,0.1,0.6,-,-,-,-
156,-,-,-,-,1,-,-,1,-,-,-,1,-,-,1
157,1.7,0.9,2.6,0.3,0.9,1.5,0.5,0.5,0.1,-,1.1,-,-,-,-
158,1.7,0.8,2.4,-,1.9,0.7,-,0.1,-,-,0.7,-,-,-,-
159,0.8,0.4,1.3,1,0.5,0.5,-,4,0.6,-,0.4,-,-,-,-
160,0.5,0.2,0.7,0.3,0.8,0.4,0.1,0.4,-,0.1,-,-,-,-,-
161,1,0.3,1.3,0.3,1,1.4,0.1,4,0.3,-,0.3,-,-,-,-
162,1.8,0.2,2,0.8,1.9,1,0.1,1.4,0.3,0.1,0.6,-,-,-,-
163,1,0.1,1.1,0.6,0.4,0.5,-,5.9,0.7,0.3,0.4,-,-,-,-
164,0.8,0.6,1.4,0.2,1.2,0.5,-,0.4,0.1,-,0.7,-,-,-,-
165,-,-,-,-,0.1,-,-,0.7,-,-,-,2.4,0.1,1.5,0.8
166,-,-,-,-,0.2,-,-,1.8,-,-,-,2.5,0.2,1.1,1.2
167,1.9,0.5,2.4,0.3,0.4,0.6,0.2,2,0.2,0.3,0.3,-,-,-,-
168,0.9,0.5,1.3,0.2,0.7,0.3,0.2,0.3,-,-,0.5,-,-,-,-
169,-,-,-,-,-,0.1,-,0.9,-,-,-,2.9,0.4,1.3,1.3
170,-,-,0.1,-,0.2,-,-,1.5,-,-,-,3.1,0.2,1.7,1.2
171,1.4,0.5,1.8,0.8,0.3,0.8,0.1,1.4,0.1,0.4,0.8,-,-,-,-
172,2,0.2,2.2,1.1,0.2,1.3,-,3.6,0.7,0.2,0.4,-,-,-,-
173,1.1,0.6,1.7,0.8,0.7,0.6,-,1.9,0.1,0.5,0.2,-,-,-,-
174,0.7,0.4,1.1,0.5,1.1,0.5,0.1,0.5,-,-,0.2,-,-,-,-
175,0.9,0.3,1.2,0.3,2.2,1.7,0.6,0.6,0.1,-,0.5,-,-,-,-
176,1.4,0.6,2,0.4,0.5,1.2,-,0.8,-,-,0.5,-,-,-,-
177,2,1.1,3.1,0.8,0.4,0.8,-,2.6,0.4,0.4,0.9,-,-,-,-
178,0.6,0.2,0.7,0.1,1,2.2,0.7,0.4,-,-,0.4,-,-,-,-
179,1.2,0.4,1.7,0.8,0.6,0.5,0.1,1.8,0.1,-,0.7,-,-,-,-
180,0.1,-,0.2,-,-,-,-,1,-,-,-,2.2,0.1,1.3,0.7
181,1.3,0.2,1.5,0.7,0.7,1.1,-,6.8,0.8,0.1,0.6,-,-,-,-
182,1.1,0.4,1.5,1.2,0.3,0.9,0.2,5.3,0.9,0.1,0.2,-,-,-,-
183,1.7,1,2.7,1,0.5,1.2,-,0.7,0.1,0.2,0.7,-,-,-,-
184,1.4,1,2.4,0.9,1.3,0.6,0.1,1.9,0.2,0.4,0.3,-,-,-,-
185,0.7,0.1,0.8,0.3,0.5,0.5,0.1,3.2,0.5,0.1,0.3,-,-,-,-
186,1.2,0.7,1.9,0.6,0.2,0.6,-,1.1,-,0.2,0.6,-,-,-,-
187,0.9,1,2,0.3,1,0.5,0.1,0.4,0.2,-,0.6,-,-,-,-
188,1.5,0.7,2.2,1.2,0.8,1.4,-,1.8,0.2,0.1,0.7,-,-,-,-
189,1.6,1,2.6,0.5,0.9,0.4,-,1,0.2,-,0.9,-,-,-,-
190,1,0.6,1.6,0.5,0.6,0.5,0.1,0.6,0.1,-,1,-,-,-,-
191,1.9,0.9,2.8,0.8,0.6,1.4,0.1,3.1,0.6,0.4,0.8,-,-,-,-
192,1.3,0.4,1.7,0.8,0.9,0.6,0.1,0.3,-,0.2,0.7,-,-,-,-
193,1.4,0.4,1.8,0.8,0.4,0.6,-,2.5,0.3,0.2,0.7,-,-,-,-
194,0.5,0.3,0.8,0.2,0.7,0.7,0.3,0.3,-,-,0.4,-,-,-,-
195,0.8,0.4,1.2,0.1,1.1,0.4,-,-,-,-,0.5,-,-,-,-
196,2.6,0.5,3.1,1,1.1,1,-,1.6,0.2,0.4,0.8,-,-,-,-
197,0.6,0.2,0.8,0.1,0.8,0.6,0.2,0.5,0.1,-,0.3,-,-,-,-
198,1,0.3,1.3,0.3,0.6,1,0.1,0.7,-,0.4,0.7,-,-,-,-
199,-,0.1,0.1,-,0.2,-,-,0.6,-,-,-,3.3,0.1,2.2,1
200,2,-,2,0.3,-,1,-,2,1,0.3,0.3,-,-,-,-
201,1.2,0.2,1.3,1.3,0.8,1.7,-,4.3,-,0.2,0.2,-,-,-,-
202,1,0.5,1.5,1,0.6,0.5,0.4,1,-,0.3,1,-,-,-,-
203,-,-,0.1,-,0.2,-,-,0.9,-,-,-,2.5,0.1,1.5,0.8
204,0.8,0.9,1.7,0.4,0.9,0.5,0.4,0.3,-,-,0.7,-,-,-,-
205,2.4,0.7,3.1,1.9,1.3,1.4,-,1.7,0.4,0.2,0.7,-,-,-,-
206,2,0.8,2.7,0.9,1.8,1.2,-,1.3,0.2,0.1,1,-,-,-,-
207,1.3,0.4,1.7,1,0.4,1.4,-,3.6,0.7,0.1,0.5,-,-,-,-
208,0.5,0.2,0.7,0.2,0.9,1.4,0.3,0.6,-,-,1.1,-,-,-,-
209,0.1,-,0.1,-,0.4,-,-,0.6,-,-,-,2.7,-,2.3,0.4
210,2,0.5,2.5,0.5,-,1.3,-,1.5,-,-,0.3,-,-,-,-
211,1.4,0.3,1.7,1.8,0.1,0.4,-,3.6,0.4,0.2,0.8,-,-,-,-
212,0.8,0.5,1.3,1.2,0.6,0.9,-,3.2,0.8,0.1,0.2,-,-,-,-
213,1,0.6,1.6,0.4,1.4,0.6,0.3,0.4,-,0.1,0.5,-,-,-,-
214,0.6,0.1,0.8,0.4,0.1,0.3,-,2.4,0.4,0.3,0.1,-,-,-,-
215,0.7,0.7,1.5,0.3,1.3,1.2,0.1,0.4,-,-,0.6,-,-,-,-
216,1.6,0.9,2.5,0.4,0.2,0.4,-,1.5,0.1,0.3,0.5,-,-,-,-
217,1.2,0.1,1.3,0.8,0.4,0.5,-,3.7,0.5,-,0.3,-,-,-,-
218,0.5,-,0.5,1.5,-,-,-,4,1,-,-,-,-,-,-
219,1.7,0.8,2.4,0.4,0.6,0.5,-,0.4,-,-,1.3,-,-,-,-
220,1,0.3,1.3,0.8,0.2,0.6,0.1,6.2,1.2,-,0.4,-,-,-,-
221,0.7,0.8,1.5,0.9,0.5,0.5,0.1,0.5,-,0.1,0.8,-,-,-,-
222,1.7,0.5,2.2,0.4,0.3,0.7,-,2.3,0.1,0.1,0.5,-,-,-,-
223,0.6,0.4,1,0.2,0.9,0.5,-,0.1,-,-,0.5,-,-,-,-
224,-,0.1,0.1,-,0.1,0.1,-,0.5,-,-,0.1,2.5,0.3,1.4,0.7
225,0.5,0.2,0.7,-,0.9,0.2,-,0.1,-,0.1,0.3,-,-,-,-
226,0.8,0.8,1.6,0.2,0.7,0.8,0.2,0.1,-,-,0.3,-,-,-,-
227,2.3,1.3,3.5,1.1,0.9,1.5,-,2.1,0.4,-,1.6,-,-,-,-
228,1.8,0.7,2.4,0.8,1.1,1.1,-,2.2,0.7,0.2,1,-,-,-,-
229,-,-,-,-,0.1,-,-,0.7,-,-,-,2.3,0.1,1.5,0.7
230,0.5,0.3,0.7,0.4,1.6,1.2,0.3,0.3,0.1,-,0.3,-,-,-,-
231,1.3,0.9,2.2,0.9,0.8,0.8,0.1,0.9,0.1,0.2,0.6,-,-,-,-
232,2.3,1,3.2,0.4,0.3,1.1,-,0.6,0.1,-,1,-,-,-,-
233,1.6,0.4,2,0.8,0.7,0.8,-,1.3,0.4,0.1,0.6,-,-,-,-
234,2.1,0.6,2.7,1.1,0.6,0.7,-,0.8,0.3,-,0.5,-,-,-,-
235,1.8,0.6,2.4,0.8,0.4,1,-,2,0.1,-,0.4,-,-,-,-
236,1.3,0.5,1.8,0.9,0.8,0.8,0.1,2.7,0.3,0.5,0.8,-,-,-,-
237,0.6,0.4,0.9,1.1,0.3,0.9,-,5.2,0.5,0.1,0.5,-,-,-,-
238,-,0.1,0.1,-,-,-,-,1.7,-,-,-,2.3,-,1.5,0.8
239,0.4,0.2,0.6,0.1,0.6,0.9,0.2,0.7,0.2,-,0.3,-,-,-,-
240,1.5,0.6,2.1,0.3,1,0.8,0.1,0.4,-,0.1,0.5,-,-,-,-
241,-,-,-,-,-,-,-,1.3,-,-,-,2.8,-,2,0.8
242,1.1,-,1.2,0.7,0.5,1.1,-,4.8,0.7,0.1,0.3,-,-,-,-
243,3,1.6,4.6,0.8,1,1.3,-,1.8,0.5,0.3,0.7,-,-,-,-
244,1.5,0.4,1.8,1,0.5,1,-,2.4,0.3,0.4,0.6,-,-,-,-
245,-,0.2,0.2,-,0.3,-,-,0.7,-,-,-,1.7,-,1.3,0.3
246,-,0.5,0.5,-,0.5,-,-,1,-,-,0.5,-,-,-,-
247,1.6,0.7,2.2,0.7,0.4,0.7,-,0.9,0.1,-,0.7,-,-,-,-
248,0.1,0.1,0.2,-,-,-,-,0.8,-,-,-,2.8,0.3,1.5,0.9
249,1.9,0.5,2.5,1.4,0.2,1,0.1,3.4,0.5,0.2,1,-,-,-,-
250,1.1,0.9,2,0.5,0.9,1.1,0.1,0.4,-,0.3,0.5,-,-,-,-
251,1.2,0.6,1.8,0.7,0.9,0.7,-,0.7,-,-,0.3,-,-,-,-
252,1.2,0.5,1.7,1.3,1.1,1.6,0.1,5,0.6,0.1,0.3,-,-,-,-
253,1.1,0.6,1.8,1,0.4,0.8,-,2.6,0.8,0.3,0.1,-,-,-,-
254,1.8,0.7,2.5,0.5,0.9,0.7,0.1,1.6,0.1,0.4,0.8,-,-,-,-
255,0.3,0.4,0.6,0.2,1.2,0.7,0.3,0.1,-,0.1,0.3,-,-,-,-
256,1.5,0.5,2,0.2,0.5,0.9,0.2,2.4,0.1,0.2,0.6,-,-,-,-
257,-,-,-,-,0.1,-,-,1.3,-,-,-,2.2,0.1,1.3,0.8
258,1.1,0.5,1.6,0.5,0.5,0.3,-,3.6,0.4,-,0.4,-,-,-,-
259,0.9,0.4,1.3,0.5,0.9,1.1,-,4.1,0.6,0.2,0.2,-,-,-,-
260,2.5,0.9,3.4,0.4,1.3,1.4,-,1.5,0.1,0.2,0.8,-,-,-,-
261,0.3,0.3,0.5,0.2,0.9,1.2,0.4,0.2,0.1,-,0.2,-,-,-,-
262,1.3,0.1,1.4,0.6,0.1,0.6,0.1,3.1,0.4,0.1,0.3,-,-,-,-
263,1.4,0.8,2.2,0.5,0.8,0.9,-,1.2,-,-,0.3,-,-,-,-
264,1.8,0.4,2.2,0.7,0.6,0.8,0.1,1.7,0.2,0.2,0.8,-,-,-,-
265,1.7,0.2,1.9,1,0.2,1.3,0.1,1,0.3,-,0.4,-,-,-,-
266,1.6,0.7,2.2,0.4,0.8,1.2,-,1.2,-,0.1,0.7,-,-,-,-
267,0.4,-,0.5,-,0.5,0.6,0.3,0.4,0.1,-,0.2,-,-,-,-
268,0.7,0.3,1,0.2,0.6,0.5,-,0.2,-,-,0.3,-,-,-,-
269,2.6,0.8,3.3,1.3,0.9,1.7,-,2.4,0.4,0.9,0.7,-,-,-,-
270,0.8,0.6,1.4,0.3,1.7,1.5,0.3,0.7,-,-,0.5,-,-,-,-
271,1.9,0.8,2.7,0.6,1.1,1.1,-,1.2,-,-,0.9,-,-,-,-
272,0.5,0.7,1.1,0.2,0.6,1.1,0.2,0.5,0.1,0.1,0.7,-,-,-,-
273,2.1,0.6,2.7,1.1,1,1.1,0.1,2.4,0.4,0.3,0.5,-,-,-,-
274,1.9,0.6,2.5,0.4,1.1,1.7,0.1,0.9,0.2,0.1,0.6,-,-,-,-
275,0.1,0.3,0.4,-,1.5,1.3,0.3,0.1,-,-,0.1,-,-,-,-
276,0.7,0.3,0.9,0.5,1.8,0.8,0.1,0.7,-,0.2,0.4,-,-,-,-
277,-,-,-,-,0.1,-,-,0.5,-,-,-,2.5,0.2,1.6,0.8
278,1.3,0.5,1.8,0.4,0.3,0.4,-,0.4,-,0.2,0.6,-,-,-,-
279,1.3,0.3,1.6,1,0.7,0.4,-,3.1,0.6,0.1,0.3,-,-,-,-
280,-,-,0.1,-,0.2,-,-,0.8,-,-,-,2.7,0.2,1.3,1.2
281,2,0.7,2.6,0.4,1.8,0.9,0.1,0.8,0.1,0.2,0.6,-,-,-,-
282,-,-,-,-,0.5,-,-,0.5,-,-,-,1.5,-,1,0.5
283,0.8,0.3,1.1,0.8,1.4,0.8,-,0.9,0.1,-,0.5,-,-,-,-
284,0.9,0.6,1.5,1.7,0.5,0.9,-,1.7,0.7,0.1,0.3,-,-,-,-
285,1.1,0.2,1.2,0.5,1.1,1,-,1.2,0.1,0.1,0.6,-,-,-,-
286,-,-,-,-,0.2,-,-,1,-,-,-,2.6,-,1.8,0.8
287,0.4,0.1,0.5,0.2,0.4,0.5,0.1,0.7,-,-,0.3,-,-,-,-
288,0.8,0.4,1.3,0.4,0.6,0.4,0.1,1,0.2,0.1,0.4,-,-,-,-
289,1.3,0.4,1.6,0.1,0.5,0.7,0.1,0.6,0.3,0.1,0.3,-,-,-,-
290,1.4,1,2.4,0.8,1.5,1,0.2,2.3,0.1,0.3,0.5,-,-,-,-
291,1.4,1,2.4,0.8,0.3,0.9,-,0.9,0.2,-,0.6,-,-,-,-
292,1.9,1.3,3.2,1.3,0.8,2,-,1.3,0.2,0.1,0.7,-,-,-,-
293,0.5,0.2,0.7,0.3,1.4,1.4,0.2,0.2,-,-,0.2,-,-,-,-
294,1.6,0.8,2.4,0.3,0.6,0.5,-,1.9,0.4,0.4,0.5,-,-,-,-
295,1.3,1,2.3,0.2,0.4,1.5,-,0.7,-,0.2,0.6,-,-,-,-
296,0.5,0.4,1,0.4,0.7,1.3,0.2,0.4,0.1,-,0.3,-,-,-,-
297,0.6,0.3,0.9,0.1,0.7,0.4,0.5,0.4,-,0.1,0.5,-,-,-,-
298,0.1,-,0.2,-,-,-,-,0.8,-,-,-,2.5,0.1,1.6,0.8
299,1.6,1.5,3.1,0.2,1.2,1.3,0.3,0.7,-,0.1,1.2,-,-,-,-
300,0.7,0.1,0.8,0.3,0.3,0.4,-,5.3,1,0.1,0.3,-,-,-,-
301,2.6,1.4,4,0.8,1.1,1.1,-,1.3,0.6,0.2,1.4,-,-,-,-
302,0.8,0.7,1.4,0.7,0.8,1.3,-,3.2,0.3,0.2,0.3,-,-,-,-
303,0.5,0.4,0.8,0.1,0.4,0.9,-,0.5,-,-,0.5,-,-,-,-
304,0.9,0.5,1.4,0.7,0.6,0.6,-,0.6,0.1,-,0.4,-,-,-,-
305,0.5,0.6,1,0.4,0.8,0.5,-,1,-,0.2,0.3,-,-,-,-
306,0.8,0.2,1,0.8,0.2,0.3,-,4.6,0.9,-,0.5,-,-,-,-
307,0.7,0.3,1,0.7,0.1,1.3,-,3.5,0.8,0.2,0.3,-,-,-,-
308,1.3,0.3,1.6,0.8,0.5,0.7,-,1.5,0.2,0.3,0.3,-,-,-,-
309,1.1,0.5,1.6,0.4,0.3,0.8,0.1,0.5,0.1,-,0.6,-,-,-,-
310,1,1.1,2.1,0.3,0.3,0.3,-,0.2,-,-,0.6,-,-,-,-
311,1.2,0.4,1.6,0.5,0.5,0.8,-,0.9,0.2,-,0.4,-,-,-,-
312,0.7,0.2,0.8,-,1.3,0.3,-,-,-,-,0.3,-,-,-,-
313,-,0.1,0.1,-,0.1,-,-,0.8,-,-,-,3.1,0.2,1.8,1.1
314,1.3,0.3,1.5,0.5,0.8,0.5,-,4.3,0.3,0.8,0.5,-,-,-,-
315,0.7,0.3,1.1,0.9,0.5,0.2,-,3.6,0.5,-,0.3,-,-,-,-
316,0.8,0.4,1.2,0.4,0.9,1.5,-,0.2,-,-,0.6,-,-,-,-
317,1.9,1,3,0.8,0.5,1.9,-,1,0.2,0.2,0.8,-,-,-,-
318,1.1,0.4,1.5,0.2,0.7,0.8,-,0.7,0.2,-,0.4,-,-,-,-
319,1.1,0.3,1.4,0.5,1,1.4,-,0.1,-,-,0.9,-,-,-,-
320,0.1,-,0.1,-,0.1,0.1,-,1.1,-,-,-,2.3,-,1.4,0.9
321,1.4,0.3,1.7,0.4,0.5,0.7,-,0.8,0.1,0.2,0.5,-,-,-,-
322,0.7,0.3,0.9,0.4,0.4,0.7,-,4.5,0.6,0.1,0.1,-,-,-,-
323,1.2,0.7,1.8,0.6,0.6,0.6,-,2.1,0.3,0.3,0.2,-,-,-,-
324,0.4,0.5,0.9,0.3,1.2,1.3,0.4,0.8,-,0.1,0.5,-,-,-,-
325,1.1,0.5,1.6,0.5,1.4,0.5,0.1,0.3,0.1,0.1,0.5,-,-,-,-
326,0.8,0.3,1.1,0.8,0.9,0.3,-,0.9,-,-,0.4,-,-,-,-
327,1.1,0.8,2,0.4,0.4,1,0.2,0.4,-,-,0.6,-,-,-,-
328,0.8,0.2,1,0.3,0.6,0.4,-,5.8,0.4,0.1,0.2,-,-,-,-
329,1.3,0.3,1.7,0.5,0.5,0.5,-,3.1,0.4,0.3,0.2,-,-,-,-
330,1.8,0.4,2.2,0.8,0.4,1,-,0.2,0.2,0.4,0.8,-,-,-,-
331,1.5,0.6,2,0.7,1.7,1.3,0.4,0.6,0.3,0.1,0.7,-,-,-,-
332,2,0.9,2.9,0.5,1.6,0.8,-,0.6,0.1,-,0.2,-,-,-,-
333,1.7,1.2,2.9,0.7,0.9,1.6,-,1.4,0.2,0.1,0.9,-,-,-,-
334,0.4,0.3,0.7,0.1,0.8,1.6,0.7,0.8,0.1,-,0.5,-,-,-,-
335,0.9,0.9,1.8,0.8,0.5,1.4,0.1,2.9,0.1,0.1,0.7,-,-,-,-
336,0.7,0.7,1.3,1.8,-,0.2,-,4.8,0.5,0.2,0.3,-,-,-,-
337,2.5,1,3.5,0.5,1,1,-,0.5,-,0.5,0.5,-,-,-,-
338,1,0.4,1.4,0.9,0.1,0.8,-,4.4,1.1,-,0.4,-,-,-,-
339,0.2,0.2,0.4,0.4,0.2,0.2,-,4.2,0.8,-,-,-,-,-,-
340,1.5,0.5,2,0.3,1,1.1,-,1.8,0.3,0.3,0.5,-,-,-,-
341,1.3,0.7,2,1.3,0.2,0.7,-,0.8,-,0.2,0.7,-,-,-,-
342,2.4,0.8,3.2,1,0.6,1.7,-,1.8,0.3,0.3,1.3,-,-,-,-
343,0.7,0.2,0.9,0.1,1,0.6,0.3,0.3,-,-,0.4,-,-,-,-
344,0.5,0.3,0.8,0.1,0.7,0.9,0.5,0.5,-,-,0.3,-,-,-,-
345,1.4,0.6,1.9,1,0.9,0.4,0.1,2.3,0.3,0.4,0.6,-,-,-,-
346,0.3,0.2,0.6,0.1,0.7,0.6,0.6,0.1,-,0.1,0.2,-,-,-,-
347,1.3,0.8,2,0.2,0.4,0.9,-,0.3,-,-,0.4,-,-,-,-
348,1,0.8,1.7,0.6,0.1,0.6,-,0.9,-,-,0.4,-,-,-,-
349,0.7,0.3,1,0.5,0.1,0.3,-,0.8,-,0.1,0.7,-,-,-,-
350,0.7,0.5,1.2,0.2,1.1,0.5,-,0.5,0.1,0.1,0.4,-,-,-,-
351,0.5,0.5,1,-,0.4,0.4,0.2,0.3,-,-,0.3,-,-,-,-
352,0.9,0.4,1.4,0.8,0.9,1,0.1,1.7,0.3,0.2,0.3,-,-,-,-
353,0.8,0.4,1.2,0.3,0.9,0.8,0.2,0.4,0.1,-,0.5,-,-,-,-
354,1.5,0.3,1.8,0.5,1,2.5,-,2.8,0.5,-,0.3,-,-,-,-
355,2.4,0.8,3.2,0.5,0.8,1.8,-,1.3,0.1,-,0.8,-,-,-,-
356,1,0.2,1.2,0.6,0.4,1.4,-,3.4,0.5,0.1,0.2,-,-,-,-
357,1.2,0.2,1.4,0.6,0.5,0.4,-,0.4,0.3,0.1,0.5,-,-,-,-
358,0.7,0.2,1,0.3,0.2,0.4,-,1,0.1,-,0.5,-,-,-,-
359,-,0.1,0.1,-,0.2,-,-,1.3,-,-,-,1.8,-,1.1,0.8
360,0.7,0.3,1,0.1,0.5,0.5,0.3,0.1,-,0.1,0.2,-,-,-,-
361,1,0.3,1.2,0.5,0.5,1.3,0.2,1.2,0.4,-,0.5,-,-,-,-
362,1.2,0.8,1.9,0.4,0.7,0.7,0.4,0.4,-,-,0.5,-,-,-,-
363,1,0.7,1.7,0.4,0.5,0.7,0.1,0.4,0.1,0.1,0.5,-,-,-,-
364,1.5,0.3,1.7,0.4,0.2,0.8,0.1,2.2,0.2,0.3,0.4,-,-,-,-
365,0.5,0.3,0.8,0.2,0.2,0.3,0.5,-,-,-,0.3,-,-,-,-
366,1,-,1,-,-,-,-,2,-,-,-,-,-,-,-
367,1,0.2,1.2,0.7,0.3,0.3,-,2,0.3,0.2,0.2,-,-,-,-
368,1.8,0.8,2.6,0.8,1.2,1.3,0.2,1.9,0.3,0.4,0.3,-,-,-,-
369,0.6,0.1,0.7,0.8,0.3,0.3,-,1.8,0.4,0.1,0.3,-,-,-,-
370,0.6,0.1,0.8,0.3,0.5,0.1,-,0.1,0.1,-,0.1,-,-,-,-
371,0.9,0.4,1.3,0.3,0.6,1.1,0.1,0.5,0.2,0.1,0.3,-,-,-,-
372,0.4,0.3,0.7,0.1,0.9,0.7,0.3,0.4,-,-,0.2,-,-,-,-
373,1,0.5,1.5,0.7,0.4,0.7,-,0.5,0.1,-,0.3,-,-,-,-
374,2.1,0.3,2.4,1.1,0.6,1.1,-,2.1,0.1,0.1,0.1,-,-,-,-
375,1.3,0.8,2.2,0.3,0.5,0.9,-,1.3,0.2,-,0.4,-,-,-,-
376,0.5,0.4,0.9,0.1,1.3,0.6,0.2,0.5,0.1,-,0.8,-,-,-,-
377,0.3,0.2,0.5,0.2,0.7,0.3,0.3,0.4,0.1,-,0.3,-,-,-,-
378,1.8,1,2.9,0.9,0.3,1.5,-,2,0.3,-,0.9,-,-,-,-
379,0.3,-,0.3,0.2,0.1,0.9,0.3,0.3,-,-,0.1,-,-,-,-
380,0.4,0.2,0.6,-,1.1,0.9,0.8,0.5,0.1,-,0.3,-,-,-,-
381,1.3,0.6,1.8,0.4,0.6,0.9,0.1,1.3,0.3,0.3,0.6,-,-,-,-
382,0.9,0.6,1.5,0.4,0.4,1,0.1,0.4,-,0.1,0.6,-,-,-,-
383,0.5,-,0.5,1,-,1,-,1.5,-,-,0.5,-,-,-,-
384,0.7,0.8,1.4,0.4,1,0.2,-,0.6,0.1,-,0.9,-,-,-,-
385,2.1,0.4,2.6,0.3,0.7,1,-,0.3,-,0.4,-,-,-,-,-
386,0.7,0.3,1,0.2,0.6,1.6,0.7,0.8,0.1,-,0.5,-,-,-,-
387,1.5,0.4,1.9,0.5,0.9,0.8,-,2.2,0.2,0.3,0.5,-,-,-,-
388,0.8,0.5,1.3,0.6,0.4,0.8,0.2,1.2,0.1,0.2,0.2,-,-,-,-
389,0.4,0.2,0.7,0.3,0.2,0.6,-,0.4,0.1,-,0.3,-,-,-,-
390,1.5,0.5,2,0.5,0.7,1.2,-,0.8,0.3,-,0.6,-,-,-,-
391,0.4,0.1,0.5,0.3,0.7,0.4,-,0.1,-,0.1,0.5,-,-,-,-
392,0.5,0.2,0.6,0.2,1.4,0.5,0.5,0.3,0.1,-,0.2,-,-,-,-
393,0.9,0.6,1.5,0.4,0.5,0.8,-,0.6,0.1,0.1,0.3,-,-,-,-
394,0.3,0.2,0.5,0.3,0.3,0.1,0.2,0.3,-,0.1,0.1,-,-,-,-
395,0.9,0.5,1.4,0.6,0.4,0.8,0.1,0.9,0.1,0.1,0.4,-,-,-,-
396,1.2,0.8,2,0.2,0.8,1.5,0.5,0.2,-,0.1,0.5,-,-,-,-
397,0.9,0.1,1,0.1,0.2,-,0.1,0.4,0.1,-,0.2,-,-,-,-
398,0.1,0.2,0.3,-,0.6,0.4,0.4,0.2,-,0.1,0.2,-,-,-,-
399,0.2,0.2,0.4,0.2,0.4,0.4,0.4,-,-,-,0.2,-,-,-,-
400,0.9,0.3,1.1,0.6,0.4,1,0.1,0.5,0.1,0.1,0.1,-,-,-,-
401,0.5,0.1,0.5,0.3,0.4,0.8,0.1,0.3,-,0.1,0.5,-,-,-,-
402,0.9,-,0.9,-,0.9,1,-,0.7,-,-,0.4,-,-,-,-
403,0.3,0.2,0.6,0.4,0.2,0.2,-,1,0.1,-,0.1,-,-,-,-
404,0.8,1.2,1.9,0.6,0.9,1,-,0.8,0.3,-,0.5,-,-,-,-
405,0.7,0.9,1.6,0.3,0.6,1.4,0.2,0.4,0.1,-,0.6,-,-,-,-
406,1.1,0.8,1.9,0.4,1.4,1.3,0.4,0.6,-,-,0.4,-,-,-,-
407,0.7,0.3,0.9,0.3,0.7,0.2,0.3,0.4,-,0.1,0.3,-,-,-,-
408,0.1,-,0.1,0.9,-,0.3,-,1,0.7,-,-,-,-,-,-
409,0.8,0.3,1.1,0.1,1.6,1,0.4,0.1,-,-,0.4,-,-,-,-
410,1,0.4,1.4,0.3,0.4,0.8,-,1.3,-,-,0.1,-,-,-,-
411,1.5,0.4,2,0.8,0.8,1,-,1.5,0.2,0.1,0.4,-,-,-,-
412,0.5,0.6,1.1,0.3,0.5,0.5,0.3,0.5,0.1,0.1,0.3,-,-,-,-
413,0.8,0.1,0.9,0.1,0.4,1.1,-,0.8,0.1,0.2,0.1,-,-,-,-
414,0.3,0.4,0.7,0.2,0.4,0.5,0.2,0.2,-,-,0.3,-,-,-,-
415,1.4,0.3,1.7,0.4,0.8,0.9,-,3.5,0.8,0.1,0.5,-,-,-,-
416,0.5,-,0.5,-,0.5,0.5,-,-,-,-,-,-,-,-,-
417,0.6,0.1,0.7,-,0.4,0.3,-,0.3,-,-,-,-,-,-,-
418,0.5,0.1,0.6,0.1,0.8,1.1,0.3,0.2,-,0.1,0.2,-,-,-,-
419,0.8,0.2,1,0.4,1.2,0.8,0.2,-,-,-,0.2,-,-,-,-
420,0.1,0.1,0.2,-,0.7,0.4,0.4,0.5,-,-,0.2,-,-,-,-
421,1,-,1,-,4,1,-,-,-,1,1,-,-,-,-
422,0.7,0.3,1,0.3,0.7,0.7,0.3,0.3,0.3,-,0.3,-,-,-,-
423,1.2,0.6,1.8,0.8,0.5,0.8,0.1,1.3,-,-,0.7,-,-,-,-
424,0.9,0.1,1,0.5,-,0.4,-,2.9,0.4,0.1,0.1,-,-,-,-
425,0.2,1,1.2,0.6,1.8,0.4,0.2,0.2,-,0.2,1.2,-,-,-,-
426,-,0.1,0.1,-,0.3,-,-,1.1,-,-,-,2.1,-,1.5,0.6
427,0.1,0.2,0.3,0.1,0.2,0.3,-,0.2,0.1,0.1,0.3,-,-,-,-
428,0.9,0.3,1.2,0.1,1,0.6,0.3,0.4,-,-,0.1,-,-,-,-
429,0.3,0.1,0.4,0.1,0.5,0.4,-,0.3,-,-,0.3,-,-,-,-
430,0.2,0.4,0.5,0.1,0.5,0.2,0.1,-,-,-,0.1,-,-,-,-
431,0.6,0.4,1,0.3,1.1,0.8,0.1,0.2,-,-,0.6,-,-,-,-
432,0.7,0.5,1.2,0.3,1.2,0.6,-,0.6,0.1,0.1,0.7,-,-,-,-
433,1.1,0.4,1.5,0.4,0.2,0.3,-,1.6,0.1,0.1,0.4,-,-,-,-
434,0.1,0.1,0.2,-,1.2,1.4,0.2,0.4,-,-,-,-,-,-,-
435,1.2,0.7,1.9,0.5,0.8,0.7,-,0.9,0.3,0.4,0.5,-,-,-,-
436,0.5,0.2,0.7,0.1,0.3,0.1,-,0.1,0.1,-,0.2,-,-,-,-
437,0.6,0.9,1.5,-,1.1,0.8,0.2,0.6,0.1,0.1,0.8,-,-,-,-
438,0.3,0.2,0.5,-,0.3,1,0.5,0.2,-,-,0.4,-,-,-,-
439,0.7,0.1,0.8,0.6,0.1,0.5,-,3.3,0.7,-,0.4,-,-,-,-
440,1.5,-,1.5,-,0.5,-,-,1.5,-,-,0.5,-,-,-,-
441,1,0.4,1.3,0.4,0.1,0.6,0.1,1.9,0.2,0.2,0.5,-,-,-,-
442,0.3,0.2,0.5,0.1,1.2,0.6,0.5,0.4,-,-,0.2,-,-,-,-
443,0.7,0.2,0.8,0.3,0.2,0.5,-,1.7,-,0.2,-,-,-,-,-
444,0.8,1,1.8,-,0.4,0.2,-,-,-,-,0.2,-,-,-,-
445,1.6,-,1.6,-,0.2,0.2,0.4,1,0.2,0.2,0.2,-,-,-,-
446,2,1,3,1,-,1.5,-,0.5,-,0.5,0.5,-,-,-,-
447,0.4,0.4,0.8,0.3,0.7,1.1,0.1,0.3,-,0.1,0.5,-,-,-,-
448,0.7,0.4,1.1,0.3,0.3,0.3,0.3,0.5,-,-,0.1,-,-,-,-
449,2.1,0.9,3,0.7,1.4,1.6,-,1.4,0.2,-,0.8,-,-,-,-
450,0.1,0.1,0.2,-,0.6,0.1,0.2,-,-,-,-,-,-,-,-
451,0.9,0.2,1.1,0.7,0.1,1,-,2.7,0.1,0.1,-,-,-,-,-
452,-,-,-,-,-,-,-,-,-,-,-,-,-,-,-
453,2,1,3,-,1,1,-,-,-,-,2,-,-,-,-
454,0.3,0.3,0.7,0.7,1.3,1.3,-,0.7,-,-,-,-,-,-,-
455,-,0.2,0.3,0.2,1.1,0.7,0.2,0.9,0.1,-,0.4,-,-,-,-
456,0.6,0.3,0.9,-,1.2,0.7,0.3,0.1,0.1,-,0.3,-,-,-,-
457,0.3,0.4,0.7,0.1,-,0.3,-,0.6,-,0.1,0.3,-,-,-,-
458,0.7,0.8,1.5,0.7,0.1,0.9,-,1.3,0.3,0.1,0.2,-,-,-,-
459,0.2,0.6,0.8,0.2,0.2,1.4,-,0.6,-,-,0.2,-,-,-,-
460,-,0.2,0.2,0.1,0.8,0.8,0.3,0.4,-,-,-,-,-,-,-
461,0.3,-,0.3,0.3,0.3,0.1,0.1,0.1,-,-,0.1,-,-,-,-
462,0.3,0.3,0.5,0.1,0.3,0.3,0.4,0.5,-,-,0.4,-,-,-,-
463,-,0.5,0.5,-,-,-,0.5,0.5,-,-,-,-,-,-,-
464,0.3,0.3,0.7,-,-,0.7,-,-,-,-,0.3,-,-,-,-
465,0.3,0.4,0.6,0.3,0.7,0.2,0.1,0.5,-,0.2,0.2,-,-,-,-
466,0.4,0.2,0.6,-,0.4,0.3,0.2,0.2,-,-,0.1,-,-,-,-
467,0.2,-,0.2,0.1,0.6,0.5,0.7,0.3,-,-,0.1,-,-,-,-
468,1.6,0.3,1.9,1,0.6,1.3,-,1,0.2,-,0.9,-,-,-,-
469,0.5,0.1,0.6,-,0.1,0.2,0.1,0.1,0.1,-,0.1,-,-,-,-
470,0.6,0.2,0.8,0.1,0.6,0.5,0.1,0.3,-,0.1,0.4,-,-,-,-
471,-,0.5,0.5,-,1.5,-,-,1.5,-,-,-,2,-,2,-
472,0.6,0.3,0.9,0.1,0.5,0.2,-,0.1,-,0.2,0.3,-,-,-,-
473,0.5,0.3,0.9,0.1,1,0.7,0.4,0.7,0.1,-,0.3,-,-,-,-
474,2.5,1,3.5,1.5,-,2,-,1,0.5,-,-,-,-,-,-
475,0.3,0.1,0.4,-,0.6,0.5,0.9,0.9,-,-,0.1,-,-,-,-
476,0.7,0.7,1.3,-,-,2,-,1,-,-,0.3,-,-,-,-
477,1,0.5,1.5,0.3,0.2,0.1,-,0.2,-,-,0.2,-,-,-,-
478,-,-,-,-,1,-,-,-,-,-,-,-,-,-,-
479,0.5,0.3,0.8,0.2,0.3,1,-,0.8,-,0.2,-,-,-,-,-
480,0.2,-,0.2,-,0.3,0.2,-,0.5,-,-,-,1.2,-,0.7,0.5
481,0.6,0.2,0.8,0.1,0.6,0.5,0.1,0.3,-,-,0.4,-,-,-,-
482,0.5,0.2,0.7,0.2,0.3,0.5,-,0.3,0.1,-,0.1,-,-,-,-
483,0.3,0.1,0.3,0.1,1.2,1.4,0.4,0.3,-,-,0.2,-,-,-,-
484,0.5,0.1,0.6,-,0.4,0.5,0.3,-,-,-,0.3,-,-,-,-
485,1,-,1,1,-,-,-,3,-,-,-,-,-,-,-
486,1.4,1.2,2.6,-,1,1,-,0.2,-,-,0.2,-,-,-,-
487,1,0.5,1.5,-,0.5,-,0.5,-,-,-,-,-,-,-,-
488,-,-,-,-,-,0.3,0.3,0.3,-,-,0.3,-,-,-,-
489,0.8,0.2,1,0.6,0.2,0.7,-,3.8,0.9,0.3,0.1,-,-,-,-
490,0.4,0.8,1.1,-,0.8,0.6,0.3,0.8,-,-,0.5,-,-,-,-
491,0.1,0.1,0.2,0.2,0.4,0.5,0.1,0.1,-,-,-,-,-,-,-
492,0.5,0.4,0.9,0.4,0.3,0.7,-,1,0.1,0.2,0.4,-,-,-,-
493,0.4,0.7,1,0.2,0.3,0.5,-,0.5,-,-,0.4,-,-,-,-
494,1,0.1,1.1,0.5,0.1,0.6,-,2.3,0.5,0.2,0.5,-,-,-,-
495,1,-,1,-,-,-,-,-,-,-,-,-,-,-,-
496,0.5,0.5,1,-,0.5,0.3,-,-,-,-,-,-,-,-,-
497,0.6,0.4,1,0.1,0.4,0.2,-,0.8,0.2,0.1,0.2,-,-,-,-
498,0.3,0.1,0.4,0.1,0.1,1.1,0.7,0.3,0.1,-,0.3,-,-,-,-
499,-,-,-,-,0.5,0.3,-,0.3,0.3,-,-,-,-,-,-
500,0.1,0.5,0.6,0.2,0.5,0.3,0.2,0.2,0.1,0.2,0.6,-,-,-,-
501,-,1,1,-,-,-,-,-,-,-,-,-,-,-,-
502,-,-,-,1,-,-,-,-,1,-,1,-,-,-,-
503,-,-,-,-,-,-,-,0.5,-,-,-,-,-,-,-
504,0.3,0.5,0.8,0.3,0.5,0.5,-,0.3,-,-,1,-,-,-,-
505,0.7,0.2,0.8,0.2,0.5,0.5,0.2,-,-,-,0.3,-,-,-,-
506,0.7,0.4,1.1,0.3,0.4,0.8,0.1,0.3,0.1,-,0.3,-,-,-,-
507,0.1,-,0.1,-,0.8,0.3,0.1,0.3,-,-,-,-,-,-,-
508,0.9,0.1,1,0.4,0.3,0.5,0.1,0.8,0.1,-,0.3,-,-,-,-
509,0.3,0.4,0.7,0.3,0.5,0.3,-,0.3,0.1,-,0.3,-,-,-,-
510,1,0.4,1.4,0.9,0.5,0.8,-,2.4,0.7,0.1,0.4,-,-,-,-
511,0.3,-,0.3,1,-,0.7,-,2.3,-,-,-,-,-,-,-
512,0.7,0.5,1.2,0.3,0.3,0.5,-,0.4,0.1,-,0.7,-,-,-,-
513,0.1,0.1,0.1,0.1,0.5,0.7,0.1,0.5,-,-,0.1,-,-,-,-
514,0.5,0.2,0.7,0.2,0.4,-,0.2,0.1,-,-,0.2,-,-,-,-
515,0.6,0.8,1.4,0.1,0.3,0.1,-,0.5,-,0.1,0.3,-,-,-,-
516,-,-,-,-,0.2,-,-,0.6,-,-,-,2.4,0.4,1.6,0.4
517,-,-,-,-,1,-,-,-,-,-,-,-,-,-,-
518,0.5,0.3,0.8,-,0.3,0.3,-,-,-,-,-,-,-,-,-
519,0.3,0.8,1.1,0.1,0.6,0.3,0.1,0.2,0.1,0.1,0.4,-,-,-,-
520,-,-,-,-,-,1,-,2,-,-,-,-,-,-,-
521,-,-,-,-,1,-,1,-,-,-,1,-,-,-,-
522,-,-,-,-,-,1,-,1,-,-,-,-,-,-,-
523,0.3,0.2,0.5,0.2,0.2,0.2,-,0.3,0.1,-,0.2,-,-,-,-
524,0.1,0.9,1,0.3,1,0.8,-,-,-,-,0.4,-,-,-,-
525,-,-,-,-,-,-,-,-,-,-,0.5,-,-,-,-
526,0.2,0.2,0.5,0.1,0.5,0.6,0.4,0.3,-,-,0.1,-,-,-,-
527,0.3,0.3,0.6,0.2,0.5,0.5,-,0.5,0.1,0.1,0.3,-,-,-,-
528,-,-,-,-,-,-,-,-,-,-,2,-,-,-,-
529,-,-,-,-,-,-,-,-,-,-,-,-,-,-,-
530,1,1,2,0.7,2.3,1,-,1,-,0.7,1.7,-,-,-,-
531,0.1,0.1,0.3,0.5,0.5,0.3,-,0.3,-,-,0.3,-,-,-,-
532,0.7,0.2,0.8,0.2,0.3,0.1,-,0.2,-,0.1,0.2,-,-,-,-
533,0.3,0.1,0.4,0.1,0.5,0.6,0.1,0.1,-,-,0.1,-,-,-,-
534,0.9,0.5,1.4,0.6,0.6,0.4,0.1,1.6,0.4,0.1,0.5,-,-,-,-
535,-,-,-,-,0.5,-,-,-,-,-,0.5,-,-,-,-
536,-,0.5,0.5,-,-,0.5,-,-,-,-,-,-,-,-,-
537,1,-,1,-,-,1,-,-,-,-,-,-,-,-,-
538,-,-,-,-,0.3,-,-,0.3,-,-,-,-,-,-,-
539,0.7,0.6,1.3,0.1,0.4,0.6,-,0.3,-,-,0.2,-,-,-,-
540,0.7,0.2,0.9,0.1,0.3,0.8,-,0.2,0.1,-,0.2,-,-,-,-
541,1,-,1,-,-,1,-,-,-,-,1,-,-,-,-
542,-,-,-,-,1,-,-,-,-,-,-,-,-,-,-
543,0.1,0.2,0.3,-,0.1,0.6,0.8,0.1,-,-,-,-,-,-,-
544,0.4,0.6,1,-,0.2,0.4,-,1.2,-,-,0.2,-,-,-,-
545,0.5,-,0.5,0.3,0.2,0.7,-,0.5,-,-,0.2,-,-,-,-
546,-,-,-,-,-,-,-,1,-,-,-,-,-,-,-
547,3,-,3,1,-,2,1,-,-,-,1,-,-,-,-
548,0.8,0.1,0.9,0.5,0.8,0.7,-,2.5,0.5,-,0.3,-,-,-,-
549,0.7,-,0.7,-,0.7,-,-,-,-,-,-,-,-,-,-
550,0.5,-,0.5,-,0.5,1,-,0.5,-,-,-,-,-,-,-
551,0.7,0.4,1.1,0.3,0.3,0.6,0.1,0.5,0.1,-,0.2,-,-,-,-
552,-,-,-,1,1,1,-,1,-,-,-,-,-,-,-
553,2,-,2,-,1,1,-,-,-,-,-,-,-,-,-
554,0.5,0.5,1,-,0.7,0.1,0.3,0.1,0.1,-,0.2,-,-,-,-
555,0.3,-,0.3,-,0.3,-,-,-,-,-,-,-,-,-,-
556,1,-,1,1,-,3,-,4,1,-,1,-,-,-,-
557,-,-,-,-,-,-,-,-,-,-,-,-,-,-,-
558,1,-,1,-,1,0.5,-,-,-,-,-,-,-,-,-
559,-,0.5,0.5,0.5,0.5,0.5,-,1,-,-,-,-,-,-,-
560,-,-,-,-,1,-,1,-,-,-,-,-,-,-,-
561,-,-,-,-,-,-,-,-,-,-,-,-,-,-,-
562,1,0.6,1.6,-,-,1.6,-,1,0.2,-,0.4,-,-,-,-
563,-,-,-,1,-,-,-,-,-,-,-,-,-,-,-
564,-,2,2,-,-,1,-,-,1,-,-,-,-,-,-
565,-,-,-,-,-,0.3,0.3,-,-,-,-,-,-,-,-
566,0.2,0.1,0.3,-,0.2,0.1,-,-,-,-,-,-,-,-,-
567,-,-,-,-,-,-,-,-,-,-,-,-,-,-,-
568,-,-,-,-,-,1,-,-,-,-,-,-,-,-,-
569,-,-,-,-,-,1,-,-,-,-,-,-,-,-,-
570,-,-,-,-,-,-,-,1,-,-,-,-,-,-,-
571,0.7,0.1,0.9,0.6,0.3,0.3,-,3.1,0.4,-,0.4,-,-,-,-
572,-,-,-,-,-,1,-,-,-,-,-,-,-,-,-
573,-,-,-,-,-,-,-,-,-,-,-,-,-,-,-
574,-,-,-,-,-,-,-,-,-,-,1,-,-,-,-
575,-,-,-,-,-,-,-,-,-,-,-,-,-,-,-
576,-,-,-,-,-,-,-,-,-,-,0.5,-,-,-,-
577,-,-,-,-,-,-,-,1.3,-,-,-,1.5,-,1,0.5
578,-,-,-,-,-,-,-,1,-,1,-,-,-,-,-
579,-,-,-,-,-,1,-,1,-,-,-,-,-,-,-
580,-,-,-,-,1,-,-,-,-,-,-,-,-,-,-
581,-,-,-,-,-,1,-,-,1,-,-,-,-,-,-
582,-,-,-,-,-,-,-,2,-,-,-,-,-,-,-
583,-,1,1,-,-,-,-,-,-,-,-,-,-,-,-
584,-,-,-,-,-,-,-,1,-,-,-,3.3,-,1.3,2
585,-,-,-,-,-,-,-,-,-,-,-,-,-,-,-
586,-,-,-,-,-,-,-,1,-,-,-,-,-,-,-
