,League,Clubs,Link
0,Premier League,Manchester City,https://www.transfermarkt.com/manchester-city/startseite/verein/281/saison_id/2024
1,Premier League,Fc Arsenal,https://www.transfermarkt.com/fc-arsenal/startseite/verein/11/saison_id/2024
2,Premier League,Fc Liverpool,https://www.transfermarkt.com/fc-liverpool/startseite/verein/31/saison_id/2024
3,Premier League,Fc Chelsea,https://www.transfermarkt.com/fc-chelsea/startseite/verein/631/saison_id/2024
4,Premier League,Tottenham Hotspur,https://www.transfermarkt.com/tottenham-hotspur/startseite/verein/148/saison_id/2024
5,Premier League,Manchester United,https://www.transfermarkt.com/manchester-united/startseite/verein/985/saison_id/2024
6,Premier League,Newcastle United,https://www.transfermarkt.com/newcastle-united/startseite/verein/762/saison_id/2024
7,Premier League,Aston Villa,https://www.transfermarkt.com/aston-villa/startseite/verein/405/saison_id/2024
8,Premier League,Brighton Amp Hove Albion,https://www.transfermarkt.com/brighton-amp-hove-albion/startseite/verein/1237/saison_id/2024
9,Premier League,West Ham United,https://www.transfermarkt.com/west-ham-united/startseite/verein/379/saison_id/2024
10,Premier League,Nottingham Forest,https://www.transfermarkt.com/nottingham-forest/startseite/verein/703/saison_id/2024
11,Premier League,Crystal Palace,https://www.transfermarkt.com/crystal-palace/startseite/verein/873/saison_id/2024
12,Premier League,Afc Bournemouth,https://www.transfermarkt.com/afc-bournemouth/startseite/verein/989/saison_id/2024
13,Premier League,Fc Brentford,https://www.transfermarkt.com/fc-brentford/startseite/verein/1148/saison_id/2024
14,Premier League,Wolverhampton Wanderers,https://www.transfermarkt.com/wolverhampton-wanderers/startseite/verein/543/saison_id/2024
15,Premier League,Fc Everton,https://www.transfermarkt.com/fc-everton/startseite/verein/29/saison_id/2024
16,Premier League,Fc Fulham,https://www.transfermarkt.com/fc-fulham/startseite/verein/931/saison_id/2024
17,Premier League,Ipswich Town,https://www.transfermarkt.com/ipswich-town/startseite/verein/677/saison_id/2024
18,Premier League,Fc Southampton,https://www.transfermarkt.com/fc-southampton/startseite/verein/180/saison_id/2024
19,Premier League,Leicester City,https://www.transfermarkt.com/leicester-city/startseite/verein/1003/saison_id/2024
20,La Liga,Real Madrid,https://www.transfermarkt.com/real-madrid/startseite/verein/418/saison_id/2024
21,La Liga,Fc Barcelona,https://www.transfermarkt.com/fc-barcelona/startseite/verein/131/saison_id/2024
22,La Liga,Atletico Madrid,https://www.transfermarkt.com/atletico-madrid/startseite/verein/13/saison_id/2024
23,La Liga,Real Sociedad San Sebastian,https://www.transfermarkt.com/real-sociedad-san-sebastian/startseite/verein/681/saison_id/2024
24,La Liga,Athletic Bilbao,https://www.transfermarkt.com/athletic-bilbao/startseite/verein/621/saison_id/2024
25,La Liga,Fc Villarreal,https://www.transfermarkt.com/fc-villarreal/startseite/verein/1050/saison_id/2024
26,La Liga,Fc Valencia,https://www.transfermarkt.com/fc-valencia/startseite/verein/1049/saison_id/2024
27,La Liga,Fc Girona,https://www.transfermarkt.com/fc-girona/startseite/verein/12321/saison_id/2024
28,La Liga,Fc Sevilla,https://www.transfermarkt.com/fc-sevilla/startseite/verein/368/saison_id/2024
29,La Liga,Real Betis Sevilla,https://www.transfermarkt.com/real-betis-sevilla/startseite/verein/150/saison_id/2024
30,La Liga,Ud Las Palmas,https://www.transfermarkt.com/ud-las-palmas/startseite/verein/472/saison_id/2024
31,La Liga,Ca Osasuna,https://www.transfermarkt.com/ca-osasuna/startseite/verein/331/saison_id/2024
32,La Liga,Celta Vigo,https://www.transfermarkt.com/celta-vigo/startseite/verein/940/saison_id/2024
33,La Liga,Espanyol Barcelona,https://www.transfermarkt.com/espanyol-barcelona/startseite/verein/714/saison_id/2024
34,La Liga,Rcd Mallorca,https://www.transfermarkt.com/rcd-mallorca/startseite/verein/237/saison_id/2024
35,La Liga,Fc Getafe,https://www.transfermarkt.com/fc-getafe/startseite/verein/3709/saison_id/2024
36,La Liga,Deportivo Alaves,https://www.transfermarkt.com/deportivo-alaves/startseite/verein/1108/saison_id/2024
37,La Liga,Rayo Vallecano,https://www.transfermarkt.com/rayo-vallecano/startseite/verein/367/saison_id/2024
38,La Liga,Real Valladolid,https://www.transfermarkt.com/real-valladolid/startseite/verein/366/saison_id/2024
39,La Liga,Cd Leganes,https://www.transfermarkt.com/cd-leganes/startseite/verein/1244/saison_id/2024
40,Bundesliga,Fc Bayern Munchen,https://www.transfermarkt.com/fc-bayern-munchen/startseite/verein/27/saison_id/2024
41,Bundesliga,Bayer 04 Leverkusen,https://www.transfermarkt.com/bayer-04-leverkusen/startseite/verein/15/saison_id/2024
42,Bundesliga,Rasenballsport Leipzig,https://www.transfermarkt.com/rasenballsport-leipzig/startseite/verein/23826/saison_id/2024
43,Bundesliga,Borussia Dortmund,https://www.transfermarkt.com/borussia-dortmund/startseite/verein/16/saison_id/2024
44,Bundesliga,Vfb Stuttgart,https://www.transfermarkt.com/vfb-stuttgart/startseite/verein/79/saison_id/2024
45,Bundesliga,Eintracht Frankfurt,https://www.transfermarkt.com/eintracht-frankfurt/startseite/verein/24/saison_id/2024
46,Bundesliga,Vfl Wolfsburg,https://www.transfermarkt.com/vfl-wolfsburg/startseite/verein/82/saison_id/2024
47,Bundesliga,Tsg 1899 Hoffenheim,https://www.transfermarkt.com/tsg-1899-hoffenheim/startseite/verein/533/saison_id/2024
48,Bundesliga,Sc Freiburg,https://www.transfermarkt.com/sc-freiburg/startseite/verein/60/saison_id/2024
49,Bundesliga,1 Fsv Mainz 05,https://www.transfermarkt.com/1-fsv-mainz-05/startseite/verein/39/saison_id/2024
50,Bundesliga,Borussia Monchengladbach,https://www.transfermarkt.com/borussia-monchengladbach/startseite/verein/18/saison_id/2024
51,Bundesliga,Sv Werder Bremen,https://www.transfermarkt.com/sv-werder-bremen/startseite/verein/86/saison_id/2024
52,Bundesliga,Fc Augsburg,https://www.transfermarkt.com/fc-augsburg/startseite/verein/167/saison_id/2024
53,Bundesliga,1 Fc Union Berlin,https://www.transfermarkt.com/1-fc-union-berlin/startseite/verein/89/saison_id/2024
54,Bundesliga,1 Fc Heidenheim 1846,https://www.transfermarkt.com/1-fc-heidenheim-1846/startseite/verein/2036/saison_id/2024
55,Bundesliga,Fc St Pauli,https://www.transfermarkt.com/fc-st-pauli/startseite/verein/35/saison_id/2024
56,Bundesliga,Vfl Bochum,https://www.transfermarkt.com/vfl-bochum/startseite/verein/80/saison_id/2024
57,Bundesliga,Holstein Kiel,https://www.transfermarkt.com/holstein-kiel/startseite/verein/269/saison_id/2024
58,Serie A,Inter Mailand,https://www.transfermarkt.com/inter-mailand/startseite/verein/46/saison_id/2024
59,Serie A,Juventus Turin,https://www.transfermarkt.com/juventus-turin/startseite/verein/506/saison_id/2024
60,Serie A,Ac Mailand,https://www.transfermarkt.com/ac-mailand/startseite/verein/5/saison_id/2024
61,Serie A,Atalanta Bergamo,https://www.transfermarkt.com/atalanta-bergamo/startseite/verein/800/saison_id/2024
62,Serie A,Ssc Neapel,https://www.transfermarkt.com/ssc-neapel/startseite/verein/6195/saison_id/2024
63,Serie A,As Rom,https://www.transfermarkt.com/as-rom/startseite/verein/12/saison_id/2024
64,Serie A,Lazio Rom,https://www.transfermarkt.com/lazio-rom/startseite/verein/398/saison_id/2024
65,Serie A,Fc Bologna,https://www.transfermarkt.com/fc-bologna/startseite/verein/1025/saison_id/2024
66,Serie A,Ac Florenz,https://www.transfermarkt.com/ac-florenz/startseite/verein/430/saison_id/2024
67,Serie A,Fc Turin,https://www.transfermarkt.com/fc-turin/startseite/verein/416/saison_id/2024
68,Serie A,Como 1907,https://www.transfermarkt.com/como-1907/startseite/verein/1047/saison_id/2024
69,Serie A,Genua Cfc,https://www.transfermarkt.com/genua-cfc/startseite/verein/252/saison_id/2024
70,Serie A,Udinese Calcio,https://www.transfermarkt.com/udinese-calcio/startseite/verein/410/saison_id/2024
71,Serie A,Parma Calcio 1913,https://www.transfermarkt.com/parma-calcio-1913/startseite/verein/130/saison_id/2024
72,Serie A,Fc Empoli,https://www.transfermarkt.com/fc-empoli/startseite/verein/749/saison_id/2024
73,Serie A,Hellas Verona,https://www.transfermarkt.com/hellas-verona/startseite/verein/276/saison_id/2024
74,Serie A,Ac Monza,https://www.transfermarkt.com/ac-monza/startseite/verein/2919/saison_id/2024
75,Serie A,Cagliari Calcio,https://www.transfermarkt.com/cagliari-calcio/startseite/verein/1390/saison_id/2024
76,Serie A,Us Lecce,https://www.transfermarkt.com/us-lecce/startseite/verein/1005/saison_id/2024
77,Serie A,Venezia Fc,https://www.transfermarkt.com/venezia-fc/startseite/verein/607/saison_id/2024
78,Ligue 1,Fc Paris Saint Germain,https://www.transfermarkt.com/fc-paris-saint-germain/startseite/verein/583/saison_id/2024
79,Ligue 1,As Monaco,https://www.transfermarkt.com/as-monaco/startseite/verein/162/saison_id/2024
80,Ligue 1,Losc Lille,https://www.transfermarkt.com/losc-lille/startseite/verein/1082/saison_id/2024
81,Ligue 1,Olympique Marseille,https://www.transfermarkt.com/olympique-marseille/startseite/verein/244/saison_id/2024
82,Ligue 1,Olympique Lyon,https://www.transfermarkt.com/olympique-lyon/startseite/verein/1041/saison_id/2024
83,Ligue 1,Rc Strassburg Alsace,https://www.transfermarkt.com/rc-strassburg-alsace/startseite/verein/667/saison_id/2024
84,Ligue 1,Ogc Nizza,https://www.transfermarkt.com/ogc-nizza/startseite/verein/417/saison_id/2024
85,Ligue 1,Fc Stade Rennes,https://www.transfermarkt.com/fc-stade-rennes/startseite/verein/273/saison_id/2024
86,Ligue 1,Rc Lens,https://www.transfermarkt.com/rc-lens/startseite/verein/826/saison_id/2024
87,Ligue 1,Stade Brest 29,https://www.transfermarkt.com/stade-brest-29/startseite/verein/3911/saison_id/2024
88,Ligue 1,Stade Reims,https://www.transfermarkt.com/stade-reims/startseite/verein/1421/saison_id/2024
89,Ligue 1,Fc Nantes,https://www.transfermarkt.com/fc-nantes/startseite/verein/995/saison_id/2024
90,Ligue 1,Fc Toulouse,https://www.transfermarkt.com/fc-toulouse/startseite/verein/415/saison_id/2024
91,Ligue 1,Aj Auxerre,https://www.transfermarkt.com/aj-auxerre/startseite/verein/290/saison_id/2024
92,Ligue 1,Ac Le Havre,https://www.transfermarkt.com/ac-le-havre/startseite/verein/738/saison_id/2024
93,Ligue 1,As Saint Etienne,https://www.transfermarkt.com/as-saint-etienne/startseite/verein/618/saison_id/2024
94,Ligue 1,Montpellier Hsc,https://www.transfermarkt.com/montpellier-hsc/startseite/verein/969/saison_id/2024
95,Ligue 1,Sco Angers,https://www.transfermarkt.com/sco-angers/startseite/verein/1420/saison_id/2024
