,SpG,TotGs,OOGBs,SYBGs,PAGs,TotSh,OOBSh,SYBSh,PASh,TotDrib,UnDrib,SucDrib,UnTch,Dispo,TotAD,WonAD,LostAD
0,4.5,0.9,0.1,0.1,0.7,4.5,1.4,0.1,3.1,5.9,3.2,2.7,3.9,2.2,1.2,0.4,0.8
1,3.7,0.8,0.1,0.1,0.6,3.7,0.9,0.4,2.4,1.8,1,0.8,1.3,0.7,1.6,1,0.7
2,2.4,0.3,0.1,-,0.2,2.4,0.7,0.1,1.6,4.1,2.2,1.9,1.6,0.8,0.6,0.3,0.4
3,2.7,0.5,-,0.2,0.3,2.7,0.7,0.3,1.7,5.6,2.8,2.9,2.7,1.3,0.8,0.3,0.6
4,2.4,0.3,-,0.1,0.3,2.4,0.9,0.1,1.4,5.4,2.7,2.7,1.9,1.6,1.5,0.3,1.3
5,1,0.1,-,-,-,1,0.7,-,0.2,0.6,0.3,0.3,0.7,0.2,0.7,0.4,0.3
6,3.5,0.5,-,0.3,0.2,3.5,0.9,0.5,2.1,3.6,2,1.6,2.9,0.9,3.2,1.4,1.8
7,2.5,0.5,-,0.2,0.3,2.5,0.3,0.4,1.7,1.1,0.7,0.4,2.6,1.4,8.6,4.7,4
8,1.8,0.4,0.1,-,0.3,1.8,0.9,-,0.9,3.8,2.5,1.3,3.1,2.3,1.8,0.8,1
9,1,-,-,-,-,1,-,0.5,0.5,-,-,-,0.5,-,6,4.5,1.5
10,0.7,0.1,-,-,0.1,0.7,0.1,0.2,0.4,0.3,0.2,0.2,0.3,0.2,5.1,3,2.1
11,3,0.6,-,0.3,0.4,3,0.2,0.5,2.3,1,0.8,0.3,2.5,1,7.3,4,3.3
12,2,0.2,0.1,-,0.1,2,1.3,-,0.8,2.3,1.2,1.1,1.5,0.9,1.2,0.6,0.6
13,0.6,-,-,-,-,0.6,0.5,-,0.1,1.2,0.6,0.6,0.9,0.3,1.4,0.9,0.5
14,1.6,0.2,-,0.1,0.1,1.6,0.3,0.1,1.3,1.8,1.1,0.6,1.3,0.6,0.9,0.3,0.6
15,-,-,-,-,-,-,-,-,-,1,1,-,-,-,4,3,1
16,0.6,0.1,-,0.1,-,0.6,0.1,0.1,0.4,1.3,0.9,0.4,1.1,0.4,0.9,0.3,0.6
17,1.8,0.3,0.1,0.1,0.1,1.8,0.7,0.2,1,3.7,2.1,1.6,1.7,1.8,1.4,0.5,0.9
18,1.6,0.2,0.1,-,-,1.6,1,-,0.5,1.9,1.1,0.9,1.4,1.3,1.1,0.4,0.7
19,0.5,-,-,-,-,0.5,-,0.2,0.4,0.3,0.2,0.1,0.4,-,6.2,3.9,2.2
20,-,-,-,-,-,-,-,-,-,-,-,-,-,-,0.8,0.8,-
21,0.9,0.2,-,0.2,-,0.9,-,0.4,0.5,0.2,-,0.1,0.6,0.2,6,4.2,1.9
22,0.5,-,-,-,-,0.5,-,0.1,0.5,0.3,0.3,0.1,0.8,0.2,6.5,4.3,2.1
23,0.9,0.1,-,0.1,-,0.9,0.4,0.1,0.4,3.6,1.9,1.6,1.7,1,0.9,0.5,0.4
24,2,0.3,0.1,-,0.2,2,1,-,1,1.4,0.6,0.8,1.1,0.5,1,0.5,0.5
25,1.4,0.1,-,-,-,1.4,0.9,-,0.5,1.6,0.9,0.6,1.8,0.4,1,0.4,0.6
26,-,-,-,-,-,-,-,-,-,-,-,-,-,-,0.4,0.4,-
27,2.4,0.4,-,0.1,0.3,2.4,0.6,0.1,1.7,3,1.8,1.2,2.8,0.6,2.2,0.7,1.5
28,1.6,0.2,0.1,-,0.1,1.6,0.5,0.2,0.9,2.8,1.3,1.5,1,0.6,0.8,0.3,0.5
29,0.4,-,-,-,-,0.4,0.1,-,0.3,0.3,0.3,0.1,0.6,0.3,2.9,1.7,1.3
30,0.6,-,-,-,-,0.6,0.1,0.1,0.4,0.5,0.2,0.3,0.6,0.2,4.8,2.7,2.1
31,2.3,0.4,-,0.1,0.2,2.3,0.7,0.2,1.4,3.3,2,1.3,2.1,1,0.5,0.3,0.2
32,0.7,0.1,0.1,-,-,0.7,0.6,-,0.1,0.5,0.3,0.2,0.5,0.4,2,1.3,0.8
33,1.8,0.3,-,0.1,0.2,1.8,0.4,0.1,1.3,5.7,3.1,2.7,1.7,1.2,0.4,0.2,0.2
34,0.3,0.1,-,-,-,0.3,-,0.1,0.1,0.2,0.1,0.1,0.5,0.2,4.7,3,1.7
35,1,-,-,-,-,1,0.4,0.1,0.5,2,1.1,1,1.3,0.7,2.1,1.1,1
36,1,-,-,-,-,1,0.6,-,0.4,1.1,0.6,0.4,0.7,0.3,3.3,1.9,1.4
37,0.5,-,-,-,-,0.5,-,0.1,0.3,-,-,-,0.3,-,4,2.2,1.8
38,-,-,-,-,-,-,-,-,-,-,-,-,-,-,0.7,0.7,-
39,1.8,0.4,0.1,-,0.3,1.8,1,-,0.8,3.3,1.8,1.5,2.9,1.7,1.2,0.5,0.7
40,2.3,0.7,0.1,0.1,0.5,2.3,0.3,0.4,1.7,0.8,0.5,0.3,1.3,0.9,3.1,1.4,1.7
41,2.2,0.4,0.1,-,0.3,2.2,0.7,0.1,1.3,2.4,1.2,1.3,1.9,1.7,3.9,2.2,1.7
42,1,0.2,-,-,0.1,1,0.3,-,0.6,0.9,0.5,0.4,0.8,0.6,0.7,0.3,0.3
43,1.5,0.1,0.1,-,0.1,1.5,0.6,-,0.9,3,1.6,1.3,2.3,1.8,1.6,0.7,0.9
44,0.7,-,-,-,-,0.7,0.4,-,0.3,1,0.3,0.7,0.7,0.8,1.6,0.7,0.9
45,0.5,0.1,-,0.1,-,0.5,0.3,0.1,0.1,0.3,0.1,0.2,0.7,0.3,2.8,1.4,1.3
46,1,0.1,-,0.1,-,1,0.5,0.2,0.3,0.2,0.1,0.1,0.3,-,4.2,2.9,1.3
47,0.4,-,-,-,-,0.4,0.1,-,0.3,1.2,0.8,0.4,0.7,0.4,1.5,0.6,0.9
48,0.7,-,-,-,-,0.7,0.2,0.1,0.5,0.3,0.2,0.2,0.5,0.2,5.1,3.2,1.9
49,-,-,-,-,-,-,-,-,-,-,-,-,-,-,0.4,0.4,0.1
50,-,-,-,-,-,-,-,-,-,-,-,-,-,-,0.8,0.5,0.3
51,0.7,0.1,-,-,-,0.7,0.1,0.2,0.3,0.4,0.3,0.1,0.6,0.1,3.3,1.9,1.4
52,2.2,0.6,-,0.3,0.2,2.2,0.3,0.5,1.4,1.3,0.8,0.5,2.5,1.2,3.4,0.7,2.7
53,0.4,-,-,-,-,0.4,0.1,0.1,0.2,0.4,0.1,0.2,0.7,0.3,3.1,2.2,0.9
54,0.5,-,-,-,-,0.5,0.3,0.1,0.2,1.5,0.5,0.9,1.2,1,4.8,2.6,2.2
55,0.6,0.1,-,0.1,-,0.6,0.2,0.1,0.3,0.1,0.1,-,0.4,0.1,5,3.3,1.7
56,-,-,-,-,-,-,-,-,-,-,-,-,-,-,0.9,0.9,-
57,-,-,-,-,-,-,-,-,-,-,-,-,0.1,-,0.3,0.3,-
58,0.5,-,-,-,-,0.5,-,0.1,0.4,0.3,-,0.3,0.1,0.1,8,5.4,2.6
59,2.2,0.2,-,-,0.2,2.2,0.6,-,1.5,0.6,0.4,0.2,0.9,0.3,1.7,0.7,1
60,1.4,0.3,-,0.1,0.2,1.4,0.2,0.1,1.1,0.6,0.4,0.3,1,0.4,2,1.1,0.9
61,-,-,-,-,-,-,-,-,-,-,-,-,-,-,0.7,0.7,-
62,0.7,0.1,-,-,-,0.7,-,0.1,0.5,1.4,0.7,0.8,1.3,0.5,2.3,1.3,1
63,1.6,0.2,-,-,0.2,1.6,0.3,0.3,1,1.9,1,0.9,2.2,0.9,5.6,2.8,2.8
64,0.4,0.1,-,0.1,-,0.4,-,0.3,0.1,0.2,0.1,0.1,0.3,0.1,4.3,2.5,1.8
65,1,0.1,0.1,-,-,1,0.9,-,0.1,0.2,0.2,-,0.7,0.4,1.4,0.5,0.9
66,0.8,0.1,-,-,-,0.8,0.1,0.1,0.6,1,0.2,0.8,0.8,0.4,2.9,1.7,1.1
67,1.2,0.2,-,0.1,0.1,1.2,-,0.2,1,1,0.6,0.4,2.3,0.8,3.9,1.6,2.2
68,0.2,-,-,-,-,0.2,-,0.1,-,0.3,-,0.3,0.4,0.2,3.7,2,1.7
69,0.4,-,-,-,-,0.4,-,-,0.4,2.4,1.5,0.9,1.6,0.4,1.1,0.4,0.8
70,1.8,0.3,-,0.1,0.2,1.8,0.4,0.2,1.2,1.5,0.8,0.6,0.9,0.3,0.4,0.2,0.2
71,0.7,0.1,-,-,-,0.7,0.1,0.2,0.4,0.2,0.1,0.1,0.5,0.3,3,2.3,0.7
72,0.7,-,-,-,-,0.7,0.3,0.2,0.3,1,0.3,0.6,0.5,0.4,3.5,2.3,1.2
73,0.4,0.1,0.1,-,-,0.4,0.3,-,0.1,0.3,-,0.3,0.7,0.1,0.9,0.5,0.4
74,0.5,-,-,-,-,0.5,0.2,0.1,0.2,0.4,0.2,0.2,0.5,0.2,2.9,1.9,1
75,2.2,0.3,-,-,0.2,2.2,0.8,0.1,1.3,2.3,1.1,1.2,1.7,1.4,3,1.5,1.5
76,1.4,0.1,-,-,-,1.4,0.6,0.2,0.6,2.3,1.1,1.2,1.5,1,3.1,1.5,1.7
77,-,-,-,-,-,-,-,-,-,-,-,-,-,-,0.4,0.4,-
78,1.9,0.2,-,-,0.2,1.9,0.6,-,1.3,3.6,2,1.7,1.7,1.4,1,0.4,0.6
79,2.7,0.4,-,0.2,0.3,2.7,0.4,0.4,1.8,1.9,1.1,0.8,2.3,1.5,2.9,1.7,1.2
80,-,-,-,-,-,-,-,-,-,-,-,-,-,-,0.5,0.5,-
81,0.8,-,-,-,-,0.8,0.4,0.1,0.4,1.4,0.8,0.7,0.8,0.8,1.3,0.5,0.7
82,0.7,0.1,-,-,0.1,0.7,-,0.1,0.5,0.7,0.3,0.4,0.3,0.3,3.3,2.2,1.1
83,1.5,0.2,-,-,0.2,1.5,0.3,0.1,1.2,2,1.3,0.7,2,1.2,6.8,1.9,4.9
84,1.4,-,-,-,-,1.4,0.1,0.2,1.1,0.8,0.5,0.3,1.4,0.4,5.3,3,2.3
85,1.3,0.2,-,0.1,0.1,1.3,0.1,0.1,1,2.6,1.5,1,2.3,1.2,2.7,1.1,1.6
86,1.4,0.3,0.1,-,0.2,1.4,0.6,-,0.8,2.8,1.6,1.2,1.9,1.1,2.8,1,1.8
87,1.7,0.1,-,0.1,-,1.7,0.4,0.3,1,0.7,0.3,0.3,1.7,1,9.6,5.4,4.2
88,0.5,0.1,-,-,0.1,0.5,0.1,0.1,0.2,0.6,0.1,0.5,0.8,0.3,2.8,1.4,1.4
89,-,-,-,-,-,-,-,-,-,-,-,-,-,-,0.4,0.3,-
90,0.7,0.2,-,0.1,0.1,0.7,0.3,0.2,0.3,0.4,0.4,-,0.4,0.3,2.6,1.7,0.9
91,0.4,0.1,-,0.1,-,0.4,-,0.1,0.3,0.3,0.2,0.1,0.2,0.6,1.4,0.6,0.9
92,1.2,0.2,-,-,0.2,1.2,-,0.1,1,1.1,0.5,0.6,1.5,0.8,4.8,2.7,2.1
93,2.6,0.3,0.1,-,0.2,2.6,0.7,0.1,1.7,2.2,1.6,0.6,2.6,0.9,1.7,0.7,1
94,0.3,-,-,-,-,0.3,-,0.1,0.2,0.2,0.1,0.1,0.5,0.3,5.9,3.7,2.2
95,1.3,0.2,0.1,-,0.1,1.3,0.7,-,0.6,0.3,-,0.3,0.2,0.2,2,1.2,0.8
96,1,0.1,-,-,0.1,1,0.4,-,0.6,3.8,2.1,1.7,1.6,1.3,0.8,0.3,0.5
97,1.2,0.3,-,-,0.2,1.2,0.1,0.1,1,0.7,0.4,0.2,1.8,0.9,6.4,3.2,3.1
98,1.2,-,-,-,-,1.2,0.6,-,0.6,0.4,0.1,0.3,0.6,0.3,3,1.5,1.4
99,1.3,0.3,-,-,0.2,1.3,0.6,0.1,0.6,2,1.2,0.8,2.2,1.3,2.5,0.6,1.9
100,0.8,-,-,-,-,0.8,0.7,-,0.1,0.2,0.1,0.1,0.4,0.2,2.2,1.1,1.2
101,0.3,0.2,0.1,-,0.1,0.3,0.1,0.1,0.2,1.5,1.1,0.4,1.5,0.4,2.3,0.9,1.3
102,1.4,0.4,-,0.1,0.3,1.4,0.3,0.2,1,1.5,0.9,0.6,1.4,0.8,1.7,0.5,1.1
103,1.2,0.1,0.1,-,0.1,1.2,0.5,-,0.7,1.3,0.7,0.6,1,0.7,1.4,0.3,1.1
104,1.1,0.2,-,-,0.2,1.1,0.3,-,0.8,1.8,1.2,0.6,1.4,0.7,2.3,0.9,1.4
105,-,-,-,-,-,-,-,-,-,-,-,-,-,-,0.3,0.3,-
106,1.6,0.1,-,-,0.1,1.6,0.7,-,0.9,1.9,1.1,0.8,1.9,1.4,1.2,0.6,0.6
107,0.6,0.1,-,-,0.1,0.6,0.1,0.1,0.4,0.2,0.1,0.1,0.4,0.1,4.1,2.5,1.6
108,1,0.1,-,-,0.1,1,0.3,0.1,0.6,2,1,0.9,1.4,0.5,1.4,0.7,0.7
109,-,-,-,-,-,-,-,-,-,-,-,-,-,-,-,-,-
110,0.6,-,-,-,-,0.6,0.2,-,0.3,0.5,0.2,0.3,0.7,0.9,0.4,-,0.4
111,1.5,0.1,-,-,0.1,1.5,0.7,-,0.8,1.8,1.1,0.6,1.6,1.1,1.4,0.4,1
112,0.8,0.1,-,-,0.1,0.8,0.4,0.1,0.3,1.9,1,1,1.3,0.9,4,2.2,1.8
113,1.4,0.3,-,0.1,0.1,1.4,0.2,0.2,1.1,1.8,1,0.8,1.3,0.9,1.5,0.8,0.7
114,0.2,-,-,-,-,0.2,0.1,-,-,1.2,0.6,0.7,1,0.4,1.8,1.1,0.6
115,-,-,-,-,-,-,-,-,-,-,-,-,-,-,0.3,0.2,0.1
116,0.7,0.2,-,-,0.2,0.7,0.1,0.1,0.6,0.2,-,0.2,0.4,-,3.2,2.2,1
117,1.3,0.2,-,-,0.2,1.3,0.3,-,1,1.8,0.8,1,1.7,0.8,1.8,0.7,1.1
118,1.9,0.3,-,-,0.3,1.9,0.4,0.2,1.4,1,0.6,0.4,2.3,0.8,6.4,2.5,3.9
119,2.1,0.4,-,0.1,0.3,2.1,0.5,0.2,1.4,1.3,0.8,0.6,1.6,1.2,0.9,0.2,0.7
120,0.3,-,-,-,-,0.3,-,-,0.3,0.1,0.1,-,0.4,-,3.4,2.4,1
121,0.4,-,-,-,-,0.4,0.2,0.1,0.1,0.7,0.2,0.4,1,0.5,3.1,1.7,1.4
122,0.6,-,-,-,-,0.6,0.3,-,0.3,2.1,0.9,1.2,1.4,0.6,1.2,0.4,0.8
123,0.9,-,-,-,-,0.9,0.4,0.1,0.5,0.3,0.2,0.1,0.8,0.3,1.9,0.8,1.1
124,0.3,-,-,-,-,0.3,0.2,-,0.1,0.3,0.2,0.1,0.3,0.2,1.5,1,0.5
125,1,0.1,-,-,0.1,1,0.4,0.1,0.4,1.4,0.4,1,1.6,0.8,1.4,0.6,0.9
126,1.5,0.1,-,-,-,1.5,0.9,-,0.6,3.4,1.9,1.5,1.7,0.5,0.7,0.1,0.6
127,2.6,0.3,0.1,0.1,0.2,2.6,0.5,0.4,1.8,0.8,0.5,0.3,1.9,1.1,2.2,0.8,1.3
128,0.6,-,-,-,-,0.6,0.1,0.2,0.4,0.6,0.4,0.2,0.5,0.2,2,1.2,0.9
129,0.2,0.2,-,0.2,-,0.2,-,0.2,-,0.5,0.3,0.2,0.5,0.2,1,0.8,0.2
130,1.4,0.4,-,0.1,0.2,1.4,-,0.2,1.1,2.5,1.3,1.2,3,1.7,4.2,1.7,2.4
131,-,-,-,-,-,-,-,-,-,-,-,-,-,-,0.3,0.3,-
132,0.8,0.1,-,-,0.1,0.8,0.1,0.2,0.5,0.2,0.1,0.1,0.2,-,4.8,3.1,1.7
133,0.6,-,-,-,-,0.6,0.2,-,0.4,0.4,0.2,0.2,0.7,0.1,3.4,2,1.4
134,1.3,0.1,-,-,-,1.3,0.5,0.2,0.6,1.1,0.6,0.5,1.2,0.7,3.4,1.7,1.7
135,-,-,-,-,-,-,-,-,-,0.1,-,0.1,-,-,0.3,0.3,-
136,1,-,-,-,-,1,-,0.1,0.9,0.2,0.1,0.1,0.4,0.2,5.2,2.9,2.3
137,0.3,0.1,-,-,0.1,0.3,0.1,-,0.1,0.9,0.4,0.5,0.6,0.3,2.5,1.6,0.9
138,0.8,0.1,-,-,0.1,0.8,0.4,-,0.3,1.3,0.7,0.6,0.9,0.7,0.7,0.1,0.5
139,1.1,0.1,-,-,0.1,1.1,0.5,-,0.6,3.3,1.7,1.6,1.7,1.4,0.4,0.2,0.2
140,0.5,-,-,-,-,0.5,0.1,-,0.3,-,-,-,0.2,-,2.8,1.8,1
141,0.8,-,-,-,-,0.8,0.6,-,0.1,1.5,0.9,0.6,0.6,1.3,2.9,1,1.9
142,1.1,-,-,-,-,1.1,0.5,0.1,0.5,0.8,0.4,0.4,0.8,0.6,3.4,1.7,1.7
143,0.6,0.1,-,-,0.1,0.6,0.2,-,0.4,1.1,0.6,0.6,1.3,0.4,0.5,0.2,0.3
144,0.4,-,-,-,-,0.4,-,0.1,0.4,0.1,-,0.1,0.3,-,5.4,3.5,1.9
145,0.3,0.1,-,-,0.1,0.3,0.1,-,0.2,0.5,0.2,0.3,0.5,0.3,1.2,0.5,0.7
146,1,-,-,-,-,1,-,0.3,0.8,1.3,0.5,0.8,0.8,0.3,4,2.3,1.8
147,-,-,-,-,-,-,-,-,-,1,-,1,2,-,1,1,-
148,1.1,0.1,-,-,0.1,1.1,0.1,0.1,0.8,2.4,1.7,0.7,1.3,0.8,1.2,0.4,0.7
149,0.7,-,-,-,-,0.7,0.5,-,0.2,0.9,0.3,0.6,0.6,0.4,0.9,0.6,0.3
150,0.6,0.1,0.1,-,-,0.6,0.4,-,0.2,0.2,-,0.2,0.4,0.1,0.4,0.1,0.3
151,0.6,-,-,-,-,0.6,0.5,-,0.1,0.2,-,0.2,0.4,0.3,1.9,1.2,0.6
152,0.1,-,-,-,-,0.1,0.1,-,-,0.6,0.4,0.3,0.9,0.3,3.2,1.5,1.7
153,0.9,-,-,-,-,0.9,0.4,-,0.4,1.8,1.2,0.6,1.6,1,1.3,0.6,0.7
154,0.6,0.1,0.1,-,-,0.6,0.4,-,0.1,0.8,0.3,0.5,0.7,0.6,1.7,0.9,0.8
155,0.7,-,-,-,-,0.7,0.4,-,0.2,0.9,0.6,0.4,1.2,0.4,1.8,0.9,0.9
156,1.7,0.4,-,0.2,0.2,1.7,0.1,0.2,1.4,0.5,0.4,0.1,1.9,0.6,7.7,3.7,4
157,1,0.1,-,-,-,1,0.5,-,0.4,0.2,0.1,0.1,0.3,-,1.5,0.9,0.6
158,0.3,-,-,-,-,0.3,0.1,-,0.1,1,0.6,0.4,0.3,0.4,0.5,0.3,0.3
159,0.3,-,-,-,-,0.3,-,0.1,0.2,0.3,0.1,0.2,0.3,0.3,3.2,1.6,1.6
160,0.3,0.1,-,0.1,-,0.3,-,0.1,0.3,1,0.6,0.4,1.1,1.1,0.5,0.1,0.4
161,0.3,0.1,-,0.1,-,0.3,-,0.2,0.1,0.3,0.2,0.1,0.2,0.2,3.1,1.9,1.2
162,1,-,-,-,-,1,0.6,0.1,0.3,0.3,0.2,0.1,0.2,0.2,0.9,0.5,0.3
163,0.4,-,-,-,-,0.4,0.2,0.1,0.2,0.3,0.2,0.1,0.7,0.3,2.8,1.4,1.3
164,1.4,0.2,-,-,0.2,1.4,0.5,-,0.9,1,0.4,0.6,1.5,0.8,1.2,0.3,1
165,0.8,-,-,-,-,0.8,0.4,0.1,0.3,0.7,0.3,0.4,0.5,0.2,3,1.9,1.1
166,1.4,0.3,0.1,0.1,0.1,1.4,0.5,0.1,0.8,1,0.6,0.4,1.9,0.6,2.3,1.2,1.1
167,0.6,0.1,-,-,-,0.6,0.1,-,0.4,0.4,0.3,0.1,0.2,0.1,4.3,2.4,1.9
168,0.5,0.1,-,0.1,-,0.5,0.1,0.2,0.1,1.1,0.5,0.6,0.7,0.2,2.5,1.3,1.3
169,1,0.1,0.1,-,-,1,0.3,0.1,0.6,1.5,0.8,0.8,1.4,0.9,1.6,0.8,0.9
170,0.8,0.1,-,-,0.1,0.8,-,0.1,0.7,-,-,-,0.3,-,4.5,2.7,1.8
171,1.1,0.1,0.1,-,0.1,1.1,0.6,0.1,0.5,1.1,0.8,0.3,1.4,0.2,1.2,0.6,0.6
172,1.6,0.4,0.1,0.1,0.2,1.6,0.5,0.1,1,0.5,0.1,0.3,1.4,0.6,2,0.9,1.1
173,1.9,0.4,-,0.2,0.2,1.9,0.1,0.3,1.4,0.8,0.6,0.1,1.2,0.9,2.6,1.1,1.5
174,1.1,0.2,0.1,0.1,-,1.1,0.4,0.2,0.5,1.3,0.8,0.5,1,0.5,1.7,0.7,1
175,1.3,0.2,-,-,0.1,1.3,0.4,0.1,0.8,2.5,1.6,0.9,1.7,1.1,1.4,0.3,1.1
176,0.2,-,-,-,-,0.2,-,-,0.2,0.5,0.2,0.3,0.9,0.3,1.2,0.8,0.4
177,1,0.1,-,-,0.1,1,0.3,0.1,0.6,2.2,1.4,0.8,2.3,0.7,1.8,0.9,0.9
178,1.5,0.2,-,0.1,0.1,1.5,0.6,0.3,0.7,2.4,1.3,1.1,1.7,1.2,0.9,0.2,0.7
179,0.1,-,-,-,-,0.1,-,-,0.1,0.1,-,0.1,0.4,0.4,3.6,2.4,1.1
180,0.6,0.1,-,-,0.1,0.6,0.3,-,0.3,0.5,0.2,0.3,0.7,0.3,0.8,0.4,0.4
181,0.6,-,-,-,-,0.6,0.2,-,0.4,1.7,0.9,0.8,1.6,0.8,1.5,0.6,1
182,0.3,-,-,-,-,0.3,0.1,-,0.2,0.3,0.2,0.1,0.3,0.1,2.9,1.7,1.2
183,0.6,0.1,-,-,-,0.6,0.2,0.1,0.3,2.2,1.4,0.7,1.3,0.2,1,0.5,0.5
184,0.6,0.1,-,-,0.1,0.6,0.2,-,0.3,1,0.5,0.5,1.2,0.8,1,0.5,0.5
185,0.4,0.1,-,-,-,0.4,0.1,-,0.3,1.4,0.6,0.8,0.7,0.8,0.7,0.5,0.2
186,0.7,0.1,-,-,0.1,0.7,-,-,0.7,0.8,0.6,0.2,0.6,0.4,0.2,0.1,0.1
187,2.2,0.3,0.1,-,0.2,2.2,0.5,-,1.6,3.5,2.2,1.3,3.1,2.7,2.8,0.8,2
188,0.4,-,-,-,-,0.4,0.2,-,0.2,0.5,0.1,0.4,0.9,0.2,1.2,0.6,0.6
189,0.1,-,-,-,-,0.1,0.1,-,-,0.3,0.2,0.1,0.3,0.3,1.9,0.8,1.1
190,0.4,-,-,-,-,0.4,0.1,-,0.3,1.4,0.8,0.6,0.7,0.5,0.5,0.3,0.3
191,0.3,0.1,-,0.1,-,0.3,-,0.3,-,0.5,0.4,0.1,0.3,0.4,4.1,2.6,1.5
192,0.2,-,-,-,-,0.2,0.1,-,0.1,0.3,0.2,0.1,0.5,0.1,2.9,1.7,1.2
193,-,-,-,-,-,-,-,-,-,-,-,-,1,-,1,1,-
194,0.4,-,-,-,-,0.4,0.3,-,0.1,1.1,0.6,0.5,1,0.3,2,1.2,0.8
195,1.6,0.3,0.1,-,0.2,1.6,0.2,0.3,1.2,0.9,0.7,0.2,2.6,1,4.7,2.1,2.7
196,1,0.1,-,-,-,1,0.2,-,0.8,2.7,1.4,1.3,1.2,0.8,0.4,0.1,0.3
197,0.2,-,-,-,-,0.2,-,-,0.2,1.5,1,0.5,0.7,0.5,1,0.5,0.5
198,0.4,-,-,-,-,0.4,0.4,-,-,1.4,0.8,0.6,0.9,0.7,0.9,0.7,0.2
199,0.5,-,-,-,-,0.5,-,-,0.5,1,-,1,1.5,1,4.5,2,2.5
200,-,-,-,-,-,-,-,-,-,-,-,-,-,-,-,-,-
201,0.4,-,-,-,-,0.4,-,-,0.3,0.3,0.3,0.1,0.4,0.5,5.4,2.8,2.7
202,0.3,-,-,-,-,0.3,0.3,-,0.1,1.5,0.9,0.7,0.8,0.2,0.6,0.3,0.3
203,0.4,0.1,-,0.1,0.1,0.4,0.2,0.1,0.2,0.5,0.2,0.3,0.4,0.3,2.3,1.1,1.2
204,0.8,-,-,-,-,0.8,0.6,-,0.2,1.8,0.8,0.9,1.5,0.5,1.2,0.6,0.6
205,0.1,-,-,-,-,0.1,0.1,-,-,-,-,-,0.4,-,2.6,1.3,1.3
206,0.3,-,-,-,-,0.3,0.1,-,0.1,0.8,0.3,0.5,0.5,0.5,0.7,0.1,0.5
207,1.2,0.1,-,-,0.1,1.2,0.6,-,0.6,3.2,1.6,1.6,1.8,1.4,2.1,0.6,1.5
208,0.2,-,-,-,-,0.2,0.1,-,0.2,0.1,0.1,0.1,0.2,0.2,3.6,1.7,1.9
209,-,-,-,-,-,-,-,-,-,1.2,0.8,0.4,0.4,1.2,1.6,0.2,1.4
210,1.4,0.2,-,-,0.2,1.4,0.4,0.1,1,0.9,0.5,0.5,1.3,0.5,5,2.3,2.7
211,1.4,0.2,-,-,0.2,1.4,0.3,0.1,1.1,1.1,0.6,0.5,1,0.8,0.4,0.2,0.2
212,0.5,-,-,-,-,0.5,0.2,-,0.3,1.9,1,0.9,0.9,0.5,1.6,0.8,0.9
213,0.5,-,-,-,-,0.5,0.3,-,0.2,0.9,0.5,0.4,1.2,0.7,2.3,1.3,1
214,0.7,-,-,-,-,0.7,0.3,-,0.4,0.6,0.5,0.2,0.7,0.5,4.4,2.8,1.7
215,0.6,-,-,-,-,0.6,0.2,0.1,0.4,1.2,0.8,0.3,1.1,0.4,1.8,0.6,1.2
216,0.5,-,-,-,-,0.5,0.2,-,0.2,0.5,0.4,0.1,1.1,0.5,2.3,1.2,1.1
217,1,0.1,-,-,-,1,0.4,-,0.5,1.1,0.6,0.4,0.5,0.5,1.7,0.9,0.8
218,1.5,-,-,-,-,1.5,0.4,0.2,0.9,1.8,0.8,1,2.7,0.6,2.1,1.1,1
219,0.4,-,-,-,-,0.4,0.1,0.1,0.2,0.4,0.2,0.2,0.8,0.2,3.8,2.1,1.8
220,1.1,0.1,-,-,0.1,1.1,0.4,0.1,0.5,2.2,1,1.2,1.2,0.7,1.4,0.9,0.6
221,0.3,0.1,-,-,0.1,0.3,-,0.1,0.2,0.3,0.1,0.2,0.3,0.1,1.5,1,0.5
222,1,0.1,-,-,-,1,0.3,-,0.7,2,1.3,0.8,1.6,0.6,1.5,0.5,1
223,0.6,-,-,-,-,0.6,0.3,-,0.3,0.7,0.3,0.4,0.5,0.3,2.2,1.3,0.9
224,0.2,-,-,-,-,0.2,0.1,-,-,1.9,0.9,1,0.8,0.8,1.7,0.8,1
225,0.1,0.1,-,-,0.1,0.1,-,-,0.1,0.2,-,0.2,0.3,0.1,1.6,0.8,0.8
226,0.5,-,-,-,-,0.5,0.1,-,0.3,0.3,0.1,0.2,0.2,0.1,4,2.2,1.9
227,0.1,-,-,-,-,0.1,-,-,-,0.2,-,0.2,0.3,-,1.7,0.7,1
228,0.8,-,-,-,-,0.8,0.1,0.2,0.4,2.3,1.6,0.8,1,0.2,1,0.7,0.3
229,0.6,-,-,-,-,0.6,0.3,-,0.2,0.4,0.2,0.3,0.2,0.3,2,1.1,0.9
230,-,-,-,-,-,-,-,-,-,0.1,-,0.1,-,-,0.3,0.3,-
231,0.8,0.2,0.1,-,0.1,0.8,0.2,-,0.6,1.1,0.6,0.6,1,0.8,0.6,0.3,0.2
232,0.4,-,-,-,-,0.4,0.1,0.1,0.2,0.2,-,0.2,0.4,0.1,2.2,1.5,0.7
233,1.3,-,-,-,-,1.3,1.1,-,0.2,0.9,0.5,0.4,1.1,0.4,1.5,0.7,0.8
234,0.1,-,-,-,-,0.1,0.1,-,-,0.5,0.2,0.2,0.3,0.3,3.1,1.5,1.6
235,1.9,0.2,-,0.1,0.1,1.9,0.3,0.4,1.3,1,0.5,0.5,2,0.5,3.4,1.5,1.8
236,-,-,-,-,-,-,-,-,-,-,-,-,-,-,0.1,-,-
237,1.3,0.1,-,-,-,1.3,0.3,0.2,0.8,1.4,0.9,0.6,1.5,1,2.7,1.4,1.3
238,1.1,0.1,-,-,0.1,1.1,0.2,0.1,0.8,1.1,0.6,0.5,1.4,0.7,4.2,2.5,1.8
239,0.9,0.1,-,-,0.1,0.9,0.1,0.1,0.7,0.8,0.6,0.2,1,1.2,3.2,1.5,1.7
240,0.9,-,-,-,-,0.9,0.2,0.1,0.6,0.4,0.3,0.2,0.6,0.7,1.5,0.6,0.9
241,1.3,0.1,-,0.1,0.1,1.3,0.3,0.1,0.9,1.4,0.9,0.5,0.6,0.6,1.4,0.5,0.9
242,0.8,0.1,0.1,-,-,0.8,0.4,-,0.3,0.3,0.2,0.1,0.6,0.1,0.8,0.3,0.5
243,0.3,-,-,-,-,0.3,-,-,0.3,0.2,0.1,0.1,0.5,0.1,1.8,1,0.8
244,0.6,0.1,-,0.1,0.1,0.6,-,0.2,0.4,0.1,0.1,-,0.1,0.1,4.1,2.5,1.6
245,-,-,-,-,-,-,-,-,-,0.3,0.1,0.3,0.5,0.1,2,1.3,0.7
246,0.2,-,-,-,-,0.2,-,-,0.2,1.5,1,0.5,0.9,0.5,1.3,0.5,0.7
247,0.4,-,-,-,-,0.4,0.3,-,0.1,1.9,1,0.9,0.8,0.5,0.8,0.4,0.4
248,1.1,0.1,-,-,0.1,1.1,0.2,0.1,0.8,1.7,0.9,0.8,1.1,0.4,2.4,1.1,1.3
249,-,-,-,-,-,-,-,-,-,-,-,-,0.1,-,0.3,0.3,-
250,0.5,0.1,-,-,0.1,0.5,-,0.1,0.3,0.1,0.1,-,0.3,0.2,2.5,1.5,1
251,0.2,-,-,-,-,0.2,-,0.1,0.1,0.3,0.1,0.2,0.3,0.2,2,1.2,0.8
252,0.4,0.1,-,-,0.1,0.4,0.3,-,0.1,0.6,0.3,0.4,0.7,0.6,0.9,0.4,0.5
253,1.1,0.1,-,-,0.1,1.1,0.5,-,0.6,0.9,0.4,0.5,1,0.7,1.8,0.7,1.2
254,0.2,-,-,-,-,0.2,0.1,0.1,0.1,0.2,-,0.2,0.5,0.5,2.3,1.5,0.8
255,0.5,-,-,-,-,0.5,0.4,-,0.1,2.1,1.3,0.8,1.3,0.7,1.3,0.5,0.8
256,0.8,0.1,0.1,-,-,0.8,0.6,-,0.2,0.3,0.2,0.1,0.4,0.2,0.3,0.1,0.2
257,0.4,0.1,0.1,-,-,0.4,0.4,-,0.1,0.1,0.1,-,0.3,0.2,1.2,0.2,0.9
258,0.3,-,-,-,-,0.3,-,0.1,0.2,0.2,0.1,0.2,0.2,0.2,2.7,1.2,1.5
259,-,-,-,-,-,-,-,-,-,0.1,-,0.1,-,-,0.2,0.2,-
260,0.3,-,-,-,-,0.3,-,-,0.3,0.1,-,0.1,0.2,0.1,2.5,1.5,0.9
261,0.4,-,-,-,-,0.4,0.1,0.1,0.2,0.6,0.3,0.3,0.6,0.2,0.8,0.5,0.3
262,1,-,-,-,-,1,1,-,-,-,-,-,2,-,11,7,4
263,0.2,-,-,-,-,0.2,0.1,-,0.1,0.8,0.4,0.3,0.9,0.3,1.8,0.7,1.1
264,1.2,0.2,0.1,-,0.1,1.2,0.3,-,0.9,0.5,0.3,0.3,0.8,0.2,2.8,1.6,1.3
265,1,-,-,-,-,1,0.6,-,0.3,0.9,0.5,0.4,1,0.6,0.8,0.2,0.6
266,0.5,0.1,-,0.1,-,0.5,0.1,0.2,0.3,0.3,0.2,0.1,0.3,0.1,1.9,0.8,1.1
267,0.3,-,-,-,-,0.3,-,-,0.3,0.8,0.5,0.3,1.3,0.5,2.9,1.2,1.7
268,0.3,-,-,-,-,0.3,-,0.1,0.2,0.4,0.3,0.1,1,0.1,2.5,1.5,1.1
269,-,-,-,-,-,-,-,-,-,-,-,-,-,-,-,-,-
270,0.7,-,-,-,-,0.7,0.4,-,0.3,0.9,0.5,0.4,0.8,0.6,2.2,1,1.2
271,0.8,0.2,0.1,-,0.1,0.8,0.4,-,0.4,1.9,1.2,0.7,1.5,0.7,1,0.5,0.5
272,-,-,-,-,-,-,-,-,-,-,-,-,-,-,0.2,0.1,-
273,0.6,-,-,-,-,0.6,0.2,-,0.4,1.2,0.8,0.3,1.1,0.8,1.7,0.9,0.8
274,1.1,-,-,-,-,1.1,0.7,-,0.4,0.8,0.6,0.2,1.5,0.4,1.1,0.4,0.7
275,0.6,0.1,-,0.1,-,0.6,0.2,0.2,0.2,0.4,0.4,-,0.8,0.5,1.3,0.6,0.7
276,0.9,0.1,-,-,-,0.9,0.3,-,0.5,1.1,0.6,0.5,1.2,0.8,2.8,1.1,1.7
277,1.4,0.2,0.1,0.1,0.1,1.4,0.2,0.2,0.9,2.3,1.5,0.8,1.1,0.6,0.3,0.1,0.2
278,0.7,-,-,-,-,0.7,0.2,-,0.5,0.3,0.1,0.1,0.4,0.4,2.1,1.3,0.7
279,0.1,-,-,-,-,0.1,0.1,-,0.1,0.8,0.4,0.4,0.7,0.1,0.8,0.4,0.4
280,1.1,-,-,-,-,1.1,0.4,-,0.7,1.6,0.9,0.7,1.1,0.6,2.1,1.3,0.9
281,0.7,-,-,-,-,0.7,0.3,0.2,0.3,1,0.6,0.4,0.9,0.6,1.2,0.3,0.9
282,0.5,0.1,-,-,0.1,0.5,-,-,0.5,1.7,1,0.6,0.9,0.5,0.9,0.4,0.5
283,-,-,-,-,-,-,-,-,-,-,-,-,-,-,0.3,0.3,-
284,0.6,-,-,-,-,0.6,0.3,-,0.3,1.7,1,0.7,1.3,0.5,0.9,0.3,0.6
285,0.1,-,-,-,-,0.1,-,-,0.1,0.1,0.1,-,0.3,0.1,2,1,1
286,0.4,0.1,-,-,0.1,0.4,0.1,0.1,0.2,0.1,0.1,-,0.6,0.2,3.6,1.4,2.2
287,0.6,-,-,-,-,0.6,0.3,-,0.4,0.7,0.4,0.4,0.6,0.4,2.5,1.4,1.1
288,0.4,-,-,-,-,0.4,0.2,-,0.3,0.4,0.3,0.2,0.3,0.1,2.5,1.4,1.1
289,1.1,0.1,-,0.1,0.1,1.1,0.1,0.2,0.8,0.3,0.1,0.1,0.7,0.4,1.6,0.7,0.9
290,-,-,-,-,-,-,-,-,-,-,-,-,-,-,0.2,0.2,-
291,0.2,-,-,-,-,0.2,0.1,-,0.1,0.3,0.1,0.2,1,0.1,1.9,0.9,1
292,0.5,0.3,-,-,0.3,0.5,-,-,0.5,0.7,0.2,0.5,0.5,0.8,1,0.3,0.7
293,1.2,0.2,-,-,0.2,1.2,0.3,-,0.8,1.8,1.2,0.6,0.8,0.8,0.7,0.4,0.3
294,0.4,-,-,-,-,0.4,0.3,-,0.1,1.5,0.8,0.6,0.6,0.4,0.6,0.2,0.5
295,0.3,-,-,-,-,0.3,0.1,0.1,0.1,1,0.7,0.3,0.7,0.5,1.3,0.5,0.8
296,1.4,0.1,-,-,0.1,1.4,0.1,0.1,1.3,0.6,0.4,0.2,1.2,0.5,3.9,2.1,1.8
297,1.1,-,-,-,-,1.1,0.5,-,0.5,1.3,0.9,0.4,1.3,1,1.3,0.5,0.8
298,0.4,0.1,-,-,0.1,0.4,0.1,-,0.4,0.1,-,0.1,0.3,0.1,3.2,1.8,1.4
299,1.3,-,-,-,-,1.3,0.1,0.2,0.9,0.7,0.3,0.4,1.3,0.9,4.5,2.4,2.1
300,1.4,0.2,-,-,0.2,1.4,0.5,0.1,0.9,2.8,1.9,0.9,3.2,2,1.7,0.4,1.3
301,0.7,-,-,-,-,0.7,0.4,-,0.4,1.1,0.7,0.4,0.6,0.3,1,0.3,0.7
302,0.7,-,-,-,-,0.7,0.3,0.1,0.3,0.5,0.3,0.2,0.9,0.5,1.3,0.8,0.6
303,0.3,-,-,-,-,0.3,0.2,-,0.1,1.6,1,0.6,0.7,0.4,0.4,0.1,0.4
304,-,-,-,-,-,-,-,-,-,-,-,-,-,-,1.5,0.5,1
305,0.1,-,-,-,-,0.1,-,-,0.1,1.2,0.9,0.3,0.7,0.2,1.1,0.5,0.6
306,1.3,0.1,-,-,0.1,1.3,0.2,0.1,1,1.1,0.7,0.4,1,0.3,1.6,0.7,0.9
307,0.3,-,-,-,-,0.3,0.2,-,0.2,0.7,0.4,0.3,0.6,0.1,1.2,0.5,0.7
308,1,-,-,-,-,1,0.4,0.1,0.5,0.3,0.1,0.2,0.7,0.3,1.5,0.6,0.9
309,1.3,0.2,-,-,0.2,1.3,0.1,-,1.1,0.4,0.2,0.2,1.3,0.4,2.4,1.5,0.9
310,1.1,0.1,-,-,0.1,1.1,0.5,-,0.6,0.5,0.1,0.4,0.5,0.4,0.9,0.4,0.5
311,0.9,0.1,-,-,0.1,0.9,0.3,-,0.6,0.3,0.1,0.2,0.6,0.1,0.4,-,0.4
312,0.9,0.1,-,-,0.1,0.9,0.3,-,0.6,2,1.1,0.9,1.4,1.3,1.1,0.4,0.6
313,1.6,0.1,0.1,-,-,1.6,0.9,-,0.7,3,1.9,1.1,1.6,1,1.1,0.4,0.7
314,1,-,-,-,-,1,-,-,1,-,-,-,-,-,2,1,1
315,0.2,-,-,-,-,0.2,-,-,0.2,1,0.4,0.6,0.1,-,1.1,0.4,0.7
316,0.6,-,-,-,-,0.6,0.6,-,-,0.4,0.2,0.1,0.6,-,1.1,0.5,0.6
317,1.1,0.1,-,-,-,1.1,0.7,-,0.4,0.2,0.2,-,0.5,-,0.8,0.3,0.5
318,1.1,0.3,-,0.3,0.1,1.1,0.2,0.3,0.6,0.7,0.4,0.3,1.1,0.5,1.3,0.6,0.7
319,-,-,-,-,-,-,-,-,-,-,-,-,-,-,0.5,0.5,0.1
320,0.9,0.2,-,-,0.2,0.9,0.1,-,0.7,1.4,0.9,0.5,1.5,1.4,0.9,0.2,0.6
321,0.8,0.1,-,-,0.1,0.8,0.2,-,0.7,0.4,0.2,0.2,0.7,0.5,3.3,1.6,1.7
322,-,-,-,-,-,-,-,-,-,-,-,-,0.1,-,0.3,0.3,-
323,0.1,-,-,-,-,0.1,-,-,0.1,0.9,0.6,0.3,0.6,0.4,1.1,0.5,0.6
324,1.3,0.1,-,-,0.1,1.3,0.8,-,0.5,0.8,0.4,0.3,1.2,0.5,1.4,0.3,1.1
325,0.6,-,-,-,-,0.6,0.4,-,0.2,0.2,0.1,0.1,0.4,0.4,1.6,0.6,1
326,1.3,-,-,-,-,1.3,0.4,-,0.9,1.5,0.8,0.8,0.5,0.8,0.1,0.1,-
327,0.3,-,-,-,-,0.3,-,-,0.2,0.3,0.1,0.2,0.8,0.3,2.9,1.5,1.4
328,1.4,0.1,-,-,0.1,1.4,0.3,0.2,0.9,0.7,0.4,0.3,2,1.1,4.3,1.1,3.2
329,0.1,-,-,-,-,0.1,-,-,0.1,-,-,-,0.5,0.2,3.1,1.9,1.2
330,0.6,-,-,-,-,0.6,0.3,0.1,0.3,0.9,0.5,0.4,0.8,0.3,2.1,1,1.1
331,0.2,0.1,0.1,-,0.1,0.2,0.1,-,0.1,0.5,0.2,0.3,0.6,0.5,0.9,0.5,0.4
332,0.8,0.1,-,0.1,-,0.8,-,0.1,0.6,0.5,0.1,0.4,1,0.5,0.3,-,0.3
333,0.6,-,-,-,-,0.6,-,-,0.5,-,-,-,0.3,0.1,2.7,1.4,1.2
334,1.1,0.2,-,0.1,0.1,1.1,0.2,0.1,0.8,1.1,0.6,0.5,2.7,0.6,3.8,1.6,2.2
335,0.5,0.1,-,-,0.1,0.5,0.1,-,0.4,0.4,0.2,0.2,0.5,0.3,3.7,1.5,2.3
336,0.6,0.1,-,-,0.1,0.6,0.4,-,0.2,1.1,0.5,0.6,0.9,1,1.3,0.6,0.6
337,0.1,-,-,-,-,0.1,-,-,0.1,0.6,0.2,0.4,0.7,0.2,1.8,1,0.7
338,0.8,0.1,-,-,0.1,0.8,0.1,0.1,0.7,0.3,0.3,-,0.4,0.1,3.6,1.7,1.9
339,0.3,0.1,-,-,0.1,0.3,0.1,-,0.2,0.6,0.2,0.4,0.9,0.6,1.1,0.3,0.8
340,0.1,-,-,-,-,0.1,-,-,0.1,0.5,0.3,0.2,0.7,0.5,1,0.3,0.7
341,0.2,-,-,-,-,0.2,0.1,-,0.1,0.1,-,0.1,0.2,-,2.3,0.8,1.5
342,1.5,0.3,-,-,0.2,1.5,0.2,0.2,1.1,1.7,1.3,0.4,3,1.3,4.7,2,2.7
343,2,-,-,-,-,2,0.5,-,1.5,1.5,1.5,-,1,0.5,1,0.5,0.5
344,0.7,0.1,-,-,0.1,0.7,0.4,-,0.3,0.6,0.2,0.4,0.7,0.1,2.3,1.3,0.9
345,0.8,0.3,-,0.2,0.1,0.8,0.2,0.2,0.4,0.8,0.5,0.3,1.1,0.4,2.2,0.8,1.4
346,0.3,-,-,-,-,0.3,0.3,-,-,0.4,-,0.4,0.1,0.1,1.9,0.4,1.4
347,0.1,0.1,-,-,0.1,0.1,-,-,0.1,0.5,0.2,0.3,0.3,0.3,0.5,0.2,0.3
348,0.7,-,-,-,-,0.7,0.3,0.2,0.3,0.4,0.3,0.2,0.1,-,1.4,1,0.4
349,0.1,-,-,-,-,0.1,-,-,0.1,-,-,-,0.3,-,4.7,2.7,2
350,0.8,0.1,0.1,-,-,0.8,0.6,-,0.2,0.2,0.2,0.1,0.3,0.2,0.8,0.4,0.5
351,0.3,-,-,-,-,0.3,0.3,-,-,0.5,0.3,0.2,0.8,0.3,2,0.8,1.2
352,1.4,0.1,-,-,-,1.4,0.2,0.2,1,1.2,0.8,0.5,2.2,0.9,6.3,2.1,4.2
353,0.4,-,-,-,-,0.4,0.3,0.1,-,0.1,-,0.1,0.2,0.1,0.8,0.4,0.4
354,0.7,-,-,-,-,0.7,0.2,-,0.5,2.3,1.6,0.7,2.6,1.2,3,0.9,2.1
355,-,-,-,-,-,-,-,-,-,0.1,-,0.1,-,-,0.2,0.2,-
356,1,-,-,-,-,1,-,-,1,0.5,-,0.5,-,1,0.5,-,0.5
357,0.3,-,-,-,-,0.3,0.1,-,0.2,0.8,0.6,0.2,1.2,0.2,4.1,1.9,2.2
358,2,0.1,-,-,0.1,2,0.4,-,1.6,2.3,2.1,0.1,1.9,1.3,3.4,1.7,1.7
359,0.9,0.1,-,0.1,-,0.9,0.1,0.2,0.6,0.2,0.1,0.1,0.6,0.1,1.4,0.9,0.4
360,0.2,-,-,-,-,0.2,0.1,-,0.1,0.5,0.2,0.4,0.5,0.1,0.8,0.5,0.4
361,0.7,-,-,-,-,0.7,0.5,-,0.2,0.6,0.3,0.2,0.8,0.3,0.4,0.2,0.3
362,0.4,-,-,-,-,0.4,0.3,-,0.1,0.4,0.1,0.3,0.8,0.3,1.3,0.4,0.9
363,0.1,-,-,-,-,0.1,-,0.1,-,-,-,-,0.1,0.1,3.1,1.8,1.3
364,1,-,-,-,-,1,-,1,-,0.5,-,0.5,1,1,2,1,1
365,0.4,-,-,-,-,0.4,0.2,-,0.2,0.8,0.6,0.2,0.4,0.2,1,0.4,0.6
366,0.5,-,-,-,-,0.5,0.2,-,0.3,0.3,0.3,-,0.6,0.1,1.9,0.8,1.1
367,0.4,0.3,-,-,0.3,0.4,-,-,0.4,0.7,0.4,0.3,1.4,0.1,1.4,0.3,1.1
368,1,0.1,-,0.1,-,1,0.3,0.1,0.6,0.7,0.5,0.3,0.5,0.3,1.6,0.3,1.4
369,0.6,0.1,-,-,0.1,0.6,-,0.2,0.4,0.3,0.3,0.1,0.7,0.5,1.8,1.3,0.6
370,1,-,-,-,-,1,-,0.1,0.9,0.3,0.3,0.1,1.1,0.9,3.3,1.4,1.8
371,-,-,-,-,-,-,-,-,-,-,-,-,-,-,0.5,0.5,-
372,0.5,-,-,-,-,0.5,0.3,0.1,0.1,0.4,0.3,0.1,0.4,-,0.1,-,0.1
373,1.5,-,-,-,-,1.5,1,-,0.5,0.5,0.5,-,0.5,0.5,0.5,-,0.5
374,0.2,-,-,-,-,0.2,0.2,-,-,0.3,0.2,0.1,0.6,0.4,2.6,1.4,1.2
375,0.2,-,-,-,-,0.2,-,-,0.1,0.2,0.2,-,0.5,0.1,1.3,0.4,0.9
376,0.4,-,-,-,-,0.4,0.3,-,0.1,0.6,0.1,0.5,0.1,0.4,1.3,0.5,0.8
377,-,-,-,-,-,-,-,-,-,0.3,0.3,-,0.3,-,2,1.7,0.3
378,0.3,-,-,-,-,0.3,0.3,-,-,0.5,0.3,0.3,0.2,0.6,0.1,-,0.1
379,1.1,0.1,-,-,0.1,1.1,0.2,0.1,0.8,1.3,0.9,0.4,1.2,0.9,1.5,0.6,0.9
380,0.5,-,-,-,-,0.5,0.3,-,0.3,0.5,0.3,0.3,0.6,0.1,0.1,-,0.1
381,0.3,-,-,-,-,0.3,0.2,-,-,0.6,0.3,0.3,0.5,0.2,0.7,0.3,0.4
382,1,0.1,-,-,0.1,1,0.5,-,0.5,-,-,-,0.8,0.1,0.8,0.1,0.6
383,-,-,-,-,-,-,-,-,-,-,-,-,-,-,0.1,0.1,-
384,0.2,-,-,-,-,0.2,0.2,-,-,-,-,-,0.3,-,1.5,0.8,0.7
385,0.4,-,-,-,-,0.4,0.3,-,0.1,0.9,0.6,0.2,0.4,0.4,0.4,0.2,0.1
386,0.4,0.1,-,-,0.1,0.4,0.1,-,0.3,0.5,0.4,0.2,0.6,0.8,1.5,0.6,0.9
387,0.7,-,-,-,-,0.7,0.3,0.1,0.3,0.7,0.4,0.3,1.1,0.7,1.5,0.4,1.1
388,1.6,-,-,-,-,1.6,0.4,-,1.2,0.2,-,0.2,1.2,0.6,5.4,2,3.4
389,0.3,0.1,-,-,0.1,0.3,0.1,-,0.2,1.5,0.9,0.6,0.8,0.2,0.6,0.2,0.5
390,-,-,-,-,-,-,-,-,-,0.4,0.1,0.3,1,0.3,1.7,0.6,1.1
391,0.7,-,-,-,-,0.7,-,-,0.7,1,0.3,0.7,0.3,0.3,0.2,-,0.2
392,0.5,-,-,-,-,0.5,0.2,0.1,0.3,0.7,0.5,0.2,0.5,0.3,0.3,0.1,0.2
393,0.5,-,-,-,-,0.5,0.2,-,0.4,0.7,0.3,0.4,0.8,0.5,0.9,0.3,0.7
394,1.2,0.2,-,-,0.2,1.2,0.3,-,0.8,2.2,1.7,0.5,0.3,0.5,0.2,-,0.2
395,-,-,-,-,-,-,-,-,-,-,-,-,-,-,0.5,0.5,-
396,-,-,-,-,-,-,-,-,-,0.1,-,0.1,0.1,-,1.1,0.9,0.3
397,-,-,-,-,-,-,-,-,-,-,-,-,-,-,-,-,-
398,-,-,-,-,-,-,-,-,-,-,-,-,-,-,0.2,0.2,-
399,0.8,0.2,-,0.1,0.1,0.8,0.2,0.2,0.5,0.5,0.3,0.2,1.2,0.5,3.2,0.7,2.5
400,0.8,0.2,-,-,0.2,0.8,0.4,-,0.4,1.2,0.8,0.4,1.2,-,0.4,-,0.4
401,0.4,-,-,-,-,0.4,-,-,0.4,0.1,0.1,0.1,0.1,0.1,1.1,0.9,0.2
402,0.9,-,-,-,-,0.9,0.7,-,0.1,1,0.1,0.9,0.9,0.3,0.1,-,0.1
403,0.1,-,-,-,-,0.1,0.1,-,-,0.4,0.1,0.3,0.4,0.1,0.8,0.2,0.5
404,0.3,-,-,-,-,0.3,0.2,-,0.1,0.8,0.3,0.4,0.8,0.1,0.1,-,0.1
405,-,-,-,-,-,-,-,-,-,-,-,-,-,0.3,1.7,1.3,0.3
406,0.8,0.1,-,-,0.1,0.8,0.2,-,0.6,0.3,0.1,0.2,1.3,0.6,1.6,0.7,0.9
407,0.1,-,-,-,-,0.1,-,-,0.1,-,-,-,0.1,-,0.4,0.3,0.1
408,0.3,-,-,-,-,0.3,0.3,-,-,0.3,-,0.3,0.8,0.5,1,-,1
409,1.2,-,-,-,-,1.2,0.3,0.1,0.8,1.6,1.2,0.4,2,1,2.4,1,1.4
410,-,-,-,-,-,-,-,-,-,0.8,0.8,-,-,-,1.8,0.5,1.3
411,-,-,-,-,-,-,-,-,-,0.5,0.5,-,1,1,2,0.5,1.5
412,-,-,-,-,-,-,-,-,-,0.6,0.4,0.2,0.6,0.3,0.4,0.2,0.3
413,0.5,-,-,-,-,0.5,0.3,0.1,0.2,0.8,0.7,0.2,0.5,0.3,0.8,0.2,0.7
414,0.2,0.1,-,-,0.1,0.2,0.1,-,0.1,0.3,0.2,0.1,0.5,0.1,1.3,0.3,1
415,0.3,-,-,-,-,0.3,0.2,-,0.1,2.8,1.6,1.2,0.6,1.5,0.2,-,0.2
416,-,-,-,-,-,-,-,-,-,0.1,0.1,-,-,-,0.4,0.4,-
417,0.5,-,-,-,-,0.5,0.1,-,0.4,0.5,0.3,0.2,0.7,0.3,1.1,0.5,0.6
418,0.6,0.1,-,-,0.1,0.6,0.2,0.1,0.3,1.1,0.7,0.4,1.5,0.1,0.9,0.3,0.6
419,0.3,-,-,-,-,0.3,0.1,0.1,0.1,0.4,0.3,0.2,0.5,0.6,0.4,0.1,0.3
420,0.9,0.1,-,-,0.1,0.9,0.1,-,0.7,0.7,0.4,0.2,0.7,0.2,1.1,0.5,0.6
421,0.2,0.2,0.2,-,-,0.2,0.2,-,-,0.6,0.4,0.2,0.2,0.2,0.8,0.4,0.4
422,3,-,-,-,-,3,1,2,-,1,1,-,-,-,1,1,-
423,0.4,0.1,-,-,0.1,0.4,0.1,-,0.3,0.2,0.2,-,0.2,-,0.1,-,0.1
424,0.1,-,-,-,-,0.1,-,-,0.1,0.3,0.1,0.2,0.5,0.3,0.8,0.4,0.3
425,1.2,-,-,-,-,1.2,0.1,0.2,0.9,0.3,0.2,0.1,0.9,0.3,2.9,1.4,1.5
426,0.1,-,-,-,-,0.1,-,-,-,0.2,0.2,-,0.3,0.1,1,0.5,0.5
427,0.2,0.1,-,-,0.1,0.2,-,0.1,0.1,0.2,0.1,0.1,0.3,0.4,1.6,0.7,0.9
428,0.5,0.1,-,0.1,-,0.5,-,0.1,0.4,0.1,0.1,-,0.5,0.1,1.6,0.7,0.9
429,-,-,-,-,-,-,-,-,-,-,-,-,0.5,-,-,-,-
430,1,0.1,-,-,-,1,0.4,-,0.6,1.1,0.8,0.3,1.4,0.6,0.7,0.1,0.6
431,1.5,-,-,-,-,1.5,-,-,1.5,-,-,-,1,1.5,0.5,-,0.5
432,0.8,-,-,-,-,0.8,-,0.3,0.5,-,-,-,1.6,0.4,5.9,2.1,3.8
433,0.7,-,-,-,-,0.7,0.4,-,0.2,0.7,0.3,0.3,0.6,-,2.3,1.3,1
434,1.1,-,-,-,-,1.1,0.6,0.1,0.4,1.5,0.8,0.8,1.4,0.9,1,0.4,0.6
435,-,-,-,-,-,-,-,-,-,2,2,-,1,-,1,-,1
436,0.2,-,-,-,-,0.2,0.2,-,-,0.8,0.7,0.2,0.8,0.5,0.7,0.2,0.5
437,0.6,-,-,-,-,0.6,0.3,-,0.4,-,-,-,0.1,-,0.8,0.1,0.6
438,0.3,-,-,-,-,0.3,0.3,-,-,-,-,-,0.4,0.6,1.8,0.3,1.5
439,0.3,-,-,-,-,0.3,0.2,-,0.1,0.4,0.2,0.2,0.4,0.4,0.3,0.1,0.2
440,-,-,-,-,-,-,-,-,-,1,1,-,-,-,-,-,-
441,0.3,-,-,-,-,0.3,-,-,0.3,1,0.7,0.3,1,-,-,-,-
442,0.3,-,-,-,-,0.3,-,-,0.3,1.1,0.9,0.3,0.6,0.1,0.4,0.1,0.3
443,-,-,-,-,-,-,-,-,-,-,-,-,0.3,-,0.7,0.7,-
444,-,-,-,-,-,-,-,-,-,-,-,-,-,-,-,-,-
445,-,-,-,-,-,-,-,-,-,1,1,-,1,-,1,1,-
446,0.9,0.1,-,0.1,-,0.9,0.3,0.1,0.5,1,0.6,0.4,1,0.4,1,0.1,0.9
447,1.3,-,-,-,-,1.3,0.6,0.3,0.4,1.1,0.3,0.9,1,0.3,1.3,0.3,1
448,0.3,-,-,-,-,0.3,0.1,-,0.1,0.4,0.3,0.1,0.3,0.1,0.6,0.3,0.3
449,0.2,-,-,-,-,0.2,-,-,0.2,0.2,0.1,0.1,0.4,0.6,1.1,0.4,0.7
450,0.3,-,-,-,-,0.3,-,0.1,0.2,0.6,0.5,0.2,-,0.2,0.5,0.1,0.5
451,-,-,-,-,-,-,-,-,-,-,-,-,-,-,-,-,-
452,0.7,-,-,-,-,0.7,0.2,0.1,0.4,0.3,0.2,0.1,0.7,0.5,1.2,0.3,0.8
453,-,-,-,-,-,-,-,-,-,0.4,0.2,0.2,0.2,0.2,0.8,0.2,0.6
454,-,-,-,-,-,-,-,-,-,-,-,-,0.6,0.4,0.9,-,0.9
455,0.3,-,-,-,-,0.3,0.2,-,0.1,0.4,0.3,0.1,0.7,0.2,0.5,0.1,0.4
456,0.5,-,-,-,-,0.5,-,-,0.5,-,-,-,-,-,0.5,-,0.5
457,0.8,-,-,-,-,0.8,0.8,-,-,1.8,1.4,0.4,1,0.6,0.4,-,0.4
458,0.4,-,-,-,-,0.4,0.2,-,0.2,0.8,0.6,0.2,0.6,-,0.6,0.2,0.4
459,-,-,-,-,-,-,-,-,-,-,-,-,0.6,-,0.6,-,0.6
460,-,-,-,-,-,-,-,-,-,-,-,-,-,-,0.5,-,0.5
461,1,-,-,-,-,1,-,-,1,-,-,-,1,-,-,-,-
462,-,-,-,-,-,-,-,-,-,1,-,1,-,-,-,-,-
463,-,-,-,-,-,-,-,-,-,0.3,0.3,-,0.8,-,0.5,-,0.5
464,0.5,-,-,-,-,0.5,-,-,0.5,0.3,0.2,0.2,0.8,0.3,1.7,0.5,1.2
465,-,-,-,-,-,-,-,-,-,1,-,1,-,-,-,-,-
466,-,-,-,-,-,-,-,-,-,-,-,-,-,-,-,-,-
467,-,-,-,-,-,-,-,-,-,-,-,-,-,-,-,-,-
468,-,-,-,-,-,-,-,-,-,-,-,-,-,-,-,-,-
469,-,-,-,-,-,-,-,-,-,-,-,-,-,-,-,-,-
470,0.8,-,-,-,-,0.8,0.2,0.1,0.5,0.1,0.1,-,0.4,-,1.4,0.2,1.2
471,-,-,-,-,-,-,-,-,-,-,-,-,1,-,-,-,-
472,-,-,-,-,-,-,-,-,-,0.4,0.2,0.2,-,0.6,1,0.4,0.6
473,-,-,-,-,-,-,-,-,-,0.2,-,0.2,0.4,-,0.6,0.2,0.4
474,-,-,-,-,-,-,-,-,-,-,-,-,0.3,-,3.5,1.3,2.3
475,-,-,-,-,-,-,-,-,-,-,-,-,-,-,0.5,-,0.5
476,-,-,-,-,-,-,-,-,-,-,-,-,0.3,0.7,0.7,0.3,0.3
477,-,-,-,-,-,-,-,-,-,1,1,-,1,1,-,-,-
478,-,-,-,-,-,-,-,-,-,-,-,-,1,-,-,-,-
479,0.3,-,-,-,-,0.3,0.3,-,-,1,1,-,0.7,2,-,-,-
480,-,-,-,-,-,-,-,-,-,-,-,-,-,-,-,-,-
481,-,-,-,-,-,-,-,-,-,-,-,-,-,-,-,-,-
482,-,-,-,-,-,-,-,-,-,-,-,-,-,0.5,0.5,-,0.5
483,-,-,-,-,-,-,-,-,-,-,-,-,-,-,-,-,-
484,1,-,-,-,-,1,-,-,1,-,-,-,-,-,-,-,-
485,0.5,-,-,-,-,0.5,0.5,-,-,-,-,-,0.5,-,1,-,1
486,-,-,-,-,-,-,-,-,-,1,1,-,1,1,-,-,-
