,SpG,TotGs,OOGBs,SYBGs,PAGs,TotSh,SYBSh,PASh,OOBSh,TotDrib,UnDrib,SucDrib,UnTch,Dispo,TotAD,WonAD,LostAD
0,-,-,-,-,-,-,-,-,-,-,-,-,-,-,1,1,-
1,-,-,-,-,-,-,-,-,-,-,-,-,-,-,-,-,-
2,-,-,-,-,-,-,-,-,-,-,-,-,-,-,-,-,-
3,0.5,-,-,-,-,0.5,0.2,-,0.3,0.7,0.2,0.5,0.7,0.3,3.2,2,1.2
4,-,-,-,-,-,-,-,-,-,-,-,-,-,-,0.6,0.6,-
5,0.8,-,-,-,-,0.8,-,-,0.8,0.5,0.3,0.3,0.5,1.3,2.5,1,1.5
6,2.1,0.5,0.1,0.4,-,2.1,0.2,0.2,1.7,1.6,0.9,0.7,1.7,0.9,2.6,1.5,1.1
7,2.3,0.4,0.1,0.3,-,2.3,0.6,0.1,1.6,2.6,1.5,1.1,1.9,1.3,3.4,1.8,1.6
8,2.6,0.5,0.1,0.3,0.1,2.6,0.5,0.3,1.9,3.4,2.2,1.1,2.5,1.7,1.1,0.6,0.5
9,-,-,-,-,-,-,-,-,-,-,-,-,-,-,1,1,-
10,3.1,0.2,-,0.1,0.1,3.1,1.6,0.1,1.5,3.9,1.9,2.1,2.9,1.3,1.5,0.9,0.6
11,2.8,0.8,0.1,0.6,-,2.8,0.3,0.4,2.2,0.8,0.5,0.3,2.5,1.3,3.3,1.4,1.9
12,3,0.4,0.1,0.3,-,3,0.3,0.3,2.4,1.3,1.1,0.1,1.3,1.1,7,2.9,4.1
13,1.6,0.2,-,0.1,0.1,1.6,1.2,-,0.4,0.2,0.1,0.1,0.7,0.3,1.3,0.6,0.7
14,3.3,0.4,0.1,0.3,-,3.3,0.6,0.5,2.2,1.5,1,0.5,2.3,1.7,2.5,1.2,1.3
15,2.9,0.3,-,0.2,0.1,2.9,1.3,0.1,1.6,4.2,3.1,1.1,1.5,1.2,0.6,0.3,0.3
16,0.3,-,-,-,-,0.3,0.2,-,0.1,0.1,0.1,-,-,0.2,3.6,2.8,0.8
17,3.1,0.6,0.2,0.3,-,3.1,0.7,0.4,2,3.1,1.7,1.3,3.1,1.8,3.2,1.6,1.6
18,3.7,0.4,0.1,0.3,-,3.7,1.1,0.3,2.3,1.3,0.8,0.6,1.8,1,4.6,2.4,2.3
19,1.5,0.3,-,0.2,-,1.5,0.5,0.1,0.9,2.9,1.6,1.4,1.4,1.2,1.2,0.6,0.6
20,0.9,0.3,0.1,0.2,0.1,0.9,0.3,0.1,0.6,2.4,1.5,0.9,1.8,0.6,0.6,0.4,0.2
21,0.8,-,-,-,-,0.8,-,0.1,0.7,0.1,-,0.1,0.2,-,3,2.2,0.8
22,2,0.2,-,0.2,-,2,0.4,0.1,1.5,3.8,2.1,1.8,1.5,1.1,1.5,0.8,0.7
23,0.2,-,-,-,-,0.2,-,-,0.2,0.2,-,0.2,0.4,0.1,4.5,3.1,1.4
24,2.1,0.3,0.1,0.2,0.1,2.1,1.1,0.1,1,1.9,0.9,1.1,1,0.8,0.6,0.2,0.4
25,0.4,-,-,-,-,0.4,-,0.1,0.3,0.3,0.3,-,0.6,0.4,3,2,1
26,1.6,0.3,0.1,0.3,-,1.6,0.5,0.2,1,2.2,1.2,1,1.6,1.1,1.5,0.3,1.2
27,1.9,0.5,0.1,0.5,-,1.9,0.2,0.1,1.6,4.8,3.5,1.3,3.3,2.5,3.5,1.2,2.3
28,1.2,-,-,-,-,1.2,0.9,-,0.3,4.4,2.3,2.1,1.9,1.5,1,0.4,0.5
29,2.4,0.5,0.1,0.4,-,2.4,0.8,0.2,1.5,2.5,1.4,1.1,1.4,0.9,1.6,0.8,0.7
30,0.7,0.1,-,-,0.1,0.7,0.3,0.1,0.2,1.9,0.4,1.5,0.8,0.5,2.4,1.1,1.3
31,2.2,0.3,0.1,0.2,-,2.2,0.8,0.1,1.2,3.7,2.1,1.6,2.4,1.5,0.6,0.2,0.4
32,1,-,-,-,-,1,-,-,1,1,1,-,1,-,1,1,-
33,-,-,-,-,-,-,-,-,-,-,-,-,-,-,0.4,0.4,0.1
34,1.4,0.1,-,-,0.1,1.4,1,-,0.4,1.8,1.1,0.7,0.9,1.3,1.6,0.8,0.8
35,1.2,0.2,-,0.2,-,1.2,0.5,0.1,0.6,1.3,0.6,0.7,1.4,1,3.4,1.9,1.5
36,0.8,0.2,-,0.2,-,0.8,0.2,0.1,0.5,0.3,0.2,0.1,0.9,0.1,3.5,2.3,1.1
37,0.8,-,-,-,-,0.8,-,0.2,0.5,0.1,-,0.1,0.3,0.2,4.8,3.4,1.5
38,0.4,0.1,-,0.1,0.1,0.4,0.3,-,0.2,0.3,0.2,0.1,0.6,0.3,2.1,1.3,0.8
39,0.6,-,-,-,-,0.6,0.2,-,0.5,0.5,0.2,0.3,-,0.1,3,1.8,1.2
40,-,-,-,-,-,-,-,-,-,-,-,-,-,-,1,1,-
41,1.1,0.1,-,0.1,-,1.1,0.5,0.1,0.5,1.4,0.8,0.6,1.3,1.2,2.3,1.3,0.9
42,1.8,0.1,-,0.1,-,1.8,0.9,-,0.9,0.3,0.2,0.1,0.6,0.3,0.7,0.2,0.4
43,1.6,0.2,-,-,0.1,1.6,1,-,0.6,3.7,2.5,1.2,2.1,1,1.2,0.4,0.7
44,-,-,-,-,-,-,-,-,-,-,-,-,-,-,-,-,-
45,2.1,0.3,-,0.2,-,2.1,1,0.1,1,1.8,1.3,0.5,1.7,1.2,1,0.3,0.7
46,1.7,0.2,0.1,0.1,-,1.7,0.4,0.1,1.2,3,1.3,1.7,2.5,1.2,1,0.2,0.8
47,-,-,-,-,-,-,-,-,-,-,-,-,1,-,4,2.5,1.5
48,0.6,0.1,-,0.1,-,0.6,0.1,-,0.5,1.3,0.8,0.6,1.1,0.9,2.3,1,1.3
49,1.3,0.2,0.1,0.1,-,1.3,0.1,0.1,1.1,0.3,0.1,0.2,0.8,0.8,10.4,7.4,3.1
50,0.2,-,-,-,-,0.2,-,0.1,0.1,-,-,-,0.3,-,4.7,2.8,1.9
51,1.3,0.1,-,0.1,-,1.3,0.7,-,0.6,1.7,1,0.7,0.9,0.6,1.6,1.1,0.5
52,0.5,0.1,-,-,-,0.5,0.2,0.1,0.3,0.9,0.8,0.1,0.7,0.4,2.6,1.3,1.3
53,0.8,-,-,-,-,0.8,0.3,-,0.5,3.2,1.8,1.4,2.1,0.7,0.9,0.4,0.5
54,-,-,-,-,-,-,-,-,-,-,-,-,-,-,0.3,0.3,-
55,0.8,0.1,0.1,-,-,0.8,0.2,0.2,0.4,0.5,0.4,0.2,0.8,0.2,3.1,1.9,1.2
56,1.3,0.2,0.1,0.1,-,1.3,-,0.2,1.1,1.4,1.1,0.3,1,0.4,2.9,2.1,0.8
57,0.4,-,-,-,-,0.4,0.1,0.1,0.2,0.5,0.3,0.2,0.8,0.2,2.2,1.4,0.8
58,0.6,-,-,-,-,0.6,-,-,0.6,0.1,0.1,-,0.3,-,4,2.6,1.5
59,0.6,-,-,-,-,0.6,0.2,-,0.4,1.1,0.6,0.4,1.1,0.6,2.3,1.5,0.8
60,0.6,-,-,-,-,0.6,0.1,0.1,0.4,0.1,-,0.1,0.5,0.1,4.5,3.5,1
61,0.7,-,-,-,-,0.7,0.5,-,0.2,0.6,0.4,0.2,0.7,0.3,2.2,1.1,1.1
62,-,-,-,-,-,-,-,-,-,-,-,-,-,-,0.2,0.2,-
63,1.6,0.1,-,0.1,-,1.6,0.8,-,0.8,2.4,1.3,1,1.4,1.5,1,0.3,0.7
64,0.7,-,-,-,-,0.7,0.5,-,0.2,0.6,0.4,0.2,0.6,0.3,1.7,1,0.7
65,1.6,0.5,-,0.5,-,1.6,0.1,-,1.5,2.8,1.8,1.1,2.3,0.8,2.2,0.7,1.5
66,-,-,-,-,-,-,-,-,-,-,-,-,-,-,0.3,0.3,-
67,0.7,-,-,-,-,0.7,0.1,0.1,0.5,0.5,0.1,0.4,0.7,0.1,5.7,4,1.8
68,1.3,0.2,0.1,0.1,-,1.3,0.1,0.1,1.1,2.7,1.4,1.3,1.5,1.4,2.2,1,1.1
69,-,-,-,-,-,-,-,-,-,0.1,-,0.1,0.1,-,0.2,0.2,-
70,-,-,-,-,-,-,-,-,-,-,-,-,-,-,0.4,0.4,-
71,0.5,-,-,-,-,0.5,-,-,0.5,-,-,-,0.5,-,3,3,-
72,-,-,-,-,-,-,-,-,-,-,-,-,-,-,0.2,0.2,-
73,0.4,0.1,-,0.1,-,0.4,0.1,-,0.3,0.7,0.4,0.3,0.3,0.3,1,0.6,0.4
74,1.7,0.3,0.1,0.2,-,1.7,0.4,0.2,1.2,3.3,2,1.3,2.5,1.6,1.1,0.5,0.6
75,1.5,0.1,-,0.1,-,1.5,0.7,0.1,0.7,2.1,1.2,0.9,1.2,0.6,0.7,0.2,0.5
76,0.9,0.1,0.1,-,-,0.9,0.1,0.3,0.5,0.7,0.2,0.5,1.2,0.7,6.2,4.1,2.1
77,1.8,0.4,0.1,0.3,-,1.8,0.2,0.3,1.3,0.7,0.6,0.1,1.6,1.5,2.6,1.1,1.4
78,0.4,-,-,-,-,0.4,-,-,0.3,0.3,0.3,0.1,0.7,0.1,4.2,2.4,1.8
79,2,0.1,0.1,-,-,2,0.6,0.5,0.9,1.6,1,0.6,1.6,0.9,9.1,6,3.1
80,1.4,0.4,-,0.4,-,1.4,0.6,-,0.8,2.7,1.9,0.8,1.3,0.6,0.4,0.1,0.3
81,-,-,-,-,-,-,-,-,-,-,-,-,-,-,0.2,0.2,-
82,-,-,-,-,-,-,-,-,-,-,-,-,-,-,0.2,0.2,-
83,1,0.1,-,0.1,-,1,0.1,-,0.9,4,2.7,1.3,1.9,1.2,0.9,0.3,0.6
84,0.5,-,-,-,-,0.5,0.1,-,0.4,1.5,0.9,0.7,0.9,0.3,1.5,0.8,0.7
85,0.6,0.1,-,0.1,-,0.6,0.2,-,0.4,0.7,0.4,0.3,0.7,0.3,1.6,0.9,0.8
86,0.5,-,-,-,-,0.5,0.3,-,0.1,0.8,0.4,0.4,0.7,0.5,1.6,0.6,1
87,-,-,-,-,-,-,-,-,-,-,-,-,-,-,0.3,0.3,-
88,0.2,-,-,-,-,0.2,-,-,0.2,0.1,0.1,-,0.3,0.2,6,3.8,2.2
89,1,0.1,-,0.1,-,1,0.6,0.1,0.4,1.9,0.8,1.1,0.8,0.6,1.6,0.8,0.8
90,2,-,-,-,-,2,2,-,-,1,1,-,1,-,1,-,1
91,1,0.1,-,0.1,-,1,0.2,-,0.8,0.2,0.1,0.2,0.7,0.2,4.7,2.6,2.1
92,1.7,0.1,-,-,-,1.7,0.5,0.2,1,2.2,1.5,0.7,1.5,0.6,4.3,2.4,1.9
93,0.4,-,-,-,-,0.4,0.1,-,0.3,0.5,0.3,0.1,0.5,0.3,4.3,2.3,2.1
94,0.9,-,-,-,-,0.9,0.7,-,0.2,0.8,0.2,0.6,0.7,0.4,1,0.3,0.7
95,0.8,-,-,-,-,0.8,0.5,-,0.3,0.9,0.6,0.2,0.8,0.5,1.2,0.7,0.4
96,0.5,-,-,-,-,0.5,0.2,-,0.3,0.6,0.4,0.2,0.9,0.5,2.2,1.2,1
97,3.9,0.3,-,0.2,0.1,3.9,1.5,0.2,2.2,1.8,1.3,0.5,2.3,1.1,6,2.5,3.5
98,0.3,-,-,-,-,0.3,0.3,-,-,0.5,0.3,0.2,0.4,0.2,2.1,1.3,0.9
99,0.4,-,-,-,-,0.4,-,0.2,0.2,0.1,-,-,0.3,0.2,5,2.8,2.2
100,0.8,0.1,-,0.1,-,0.8,0.5,-,0.3,0.8,0.4,0.3,1.2,0.8,2.1,0.9,1.2
101,0.5,0.1,-,-,-,0.5,-,0.1,0.4,0.3,0.2,0.1,0.1,-,3.9,2.4,1.5
102,0.9,-,-,-,-,0.9,0.2,-,0.6,0.5,0.2,0.3,0.4,0.3,2.3,1.3,1
103,0.8,-,-,-,-,0.8,-,0.1,0.7,0.2,0.1,0.1,0.7,0.4,5,3.3,1.8
104,1,0.1,-,0.1,-,1,0.8,-,0.2,0.2,-,0.2,0.3,0.1,0.6,0.4,0.2
105,0.3,-,-,-,-,0.3,0.1,-,0.2,0.5,0.3,0.3,0.3,0.1,3,1.3,1.6
106,0.5,-,-,-,-,0.5,-,0.1,0.4,0.2,-,0.1,0.4,0.1,4.7,3.3,1.4
107,1.3,-,-,-,-,1.3,0.5,0.3,0.5,2.2,0.8,1.3,0.5,0.7,1.8,1,0.8
108,1.3,0.1,-,-,0.1,1.3,0.7,-,0.6,1.5,1,0.4,1,0.6,0.8,0.4,0.4
109,0.3,-,-,-,-,0.3,0.1,0.1,0.1,0.4,0.2,0.2,0.3,0.3,3.6,2.7,1
110,0.1,-,-,-,-,0.1,-,-,0.1,0.3,-,0.3,0.2,0.3,3.2,2.1,1.1
111,0.4,-,-,-,-,0.4,0.1,0.1,0.3,0.7,0.5,0.1,0.7,0.7,2.7,1.5,1.2
112,-,-,-,-,-,-,-,-,-,-,-,-,-,-,0.1,0.1,-
113,0.2,-,-,-,-,0.2,-,0.1,0.2,0.6,0.1,0.5,0.3,0.5,4.9,2.8,2.1
114,-,-,-,-,-,-,-,-,-,-,-,-,-,-,0.3,0.3,-
115,0.5,0.1,-,0.1,-,0.5,0.2,-,0.4,1.2,0.7,0.5,1.3,0.6,2.7,1.6,1.1
116,0.5,-,-,-,-,0.5,-,-,0.5,0.1,0.1,-,0.5,0.1,3,1.7,1.3
117,0.6,-,-,-,-,0.6,0.1,0.2,0.4,0.1,-,0.1,0.5,-,5.1,3.4,1.7
118,0.5,-,-,-,-,0.5,-,0.1,0.4,-,-,-,0.2,-,3,1.8,1.2
119,-,-,-,-,-,-,-,-,-,-,-,-,-,-,2,2,-
120,0.5,0.1,-,0.1,-,0.5,-,-,0.5,0.6,0.4,0.2,0.6,0.4,4.7,3.3,1.5
121,0.8,0.1,0.1,-,-,0.8,-,0.1,0.6,0.4,0.2,0.2,0.7,0.4,3.4,2.1,1.2
122,1.5,0.1,-,0.1,-,1.5,0.6,0.1,0.8,0.8,0.4,0.4,1.4,0.6,1.6,0.8,0.8
123,0.2,-,-,-,-,0.2,0.1,-,0.1,1.2,0.5,0.7,0.7,0.5,2,1.4,0.6
124,1.1,0.1,-,0.1,-,1.1,0.4,0.1,0.6,2.8,1.5,1.3,1.4,0.9,0.6,0.1,0.4
125,1,-,-,-,-,1,0.6,0.1,0.3,1.9,1,0.9,1.8,1.4,2,1,1
126,0.6,0.1,-,0.1,-,0.6,0.3,0.1,0.3,0.3,-,0.2,0.4,0.1,3.9,2,1.9
127,1.8,0.2,-,0.1,0.1,1.8,0.9,0.1,0.8,1.8,1.3,0.5,1.9,1.1,3.8,1.6,2.2
128,0.2,-,-,-,-,0.2,0.1,-,0.1,0.4,0.1,0.3,0.4,0.4,0.4,0.2,0.2
129,1.9,0.3,0.1,0.2,-,1.9,0.6,0.1,1.1,2.2,1.2,1,2.6,1.5,2.6,0.8,1.7
130,0.4,-,-,-,-,0.4,0.3,-,-,1.3,0.7,0.6,0.9,0.3,2.1,1.2,1
131,0.5,0.2,-,0.1,-,0.5,0.4,-,0.2,1.3,0.8,0.5,0.8,0.3,0.9,0.2,0.7
132,1,0.4,-,0.4,-,1,0.4,-,0.6,0.5,0.1,0.4,0.6,0.3,0.6,0.1,0.5
133,1.3,0.1,-,-,0.1,1.3,1.2,-,0.1,1.7,0.9,0.8,0.6,0.6,0.4,0.3,0.1
134,0.4,-,-,-,-,0.4,0.2,0.1,0.2,0.3,0.1,0.2,0.7,0.5,3.4,1.8,1.6
135,0.1,-,-,-,-,0.1,-,-,0.1,0.4,0.1,0.2,0.5,0.1,1.4,0.8,0.6
136,-,-,-,-,-,-,-,-,-,0.8,0.4,0.4,0.6,-,1.1,0.6,0.5
137,0.6,-,-,-,-,0.6,0.4,-,0.2,1.3,0.7,0.5,0.8,0.5,0.7,0.4,0.4
138,0.2,-,-,-,-,0.2,-,0.1,0.1,0.4,0.2,0.2,0.8,0.3,3.7,2.1,1.6
139,2.9,0.3,-,0.3,-,2.9,0.6,0.2,2.1,1.1,0.7,0.3,1.8,1,3.1,1.5,1.6
140,0.4,-,-,-,-,0.4,-,-,0.4,1.5,0.9,0.6,1.1,0.6,1.8,0.9,0.9
141,1.6,0.3,0.1,0.2,-,1.6,0.4,0.1,1,0.4,0.2,0.2,2.3,0.9,5.8,3,2.8
142,-,-,-,-,-,-,-,-,-,-,-,-,0.1,-,0.4,0.4,-
143,1,-,-,-,-,1,0.5,-,0.5,2.6,1.6,1,1.6,1.3,1,0.4,0.6
144,1.1,0.1,-,0.1,-,1.1,0.8,-,0.2,0.5,0.2,0.2,0.4,0.1,0.9,0.5,0.4
145,1.7,0.3,0.2,0.1,-,1.7,0.1,0.4,1.2,1.1,0.7,0.4,1.5,1,2.2,0.9,1.3
146,1.5,0.1,-,0.1,-,1.5,0.4,-,1.1,3.1,1.7,1.5,1.3,0.9,0.5,-,0.4
147,0.9,0.2,-,0.1,-,0.9,0.5,-,0.4,1.7,0.8,0.8,1.4,1.1,2,1,1
148,0.9,0.1,-,-,-,0.9,0.3,-,0.5,0.3,0.2,0.2,0.8,0.4,3.5,1.9,1.6
149,0.5,0.1,-,-,-,0.5,-,0.1,0.4,-,-,-,0.2,-,3.9,2.5,1.4
150,0.8,-,-,-,-,0.8,0.4,0.1,0.3,0.7,0.3,0.5,0.7,0.5,1,0.5,0.5
151,0.6,-,-,-,-,0.6,-,0.1,0.5,0.2,0.2,-,0.3,0.2,2.6,1.6,1
152,1,0.1,-,-,0.1,1,0.6,-,0.3,0.8,0.5,0.3,0.6,0.5,1.2,0.5,0.7
153,2.1,0.4,0.2,0.2,-,2.1,0.4,0.3,1.4,0.6,0.4,0.2,2.5,1,3.2,1.3,1.9
154,1.5,0.1,-,0.1,-,1.5,0.5,-,1,2.9,1.6,1.3,1.2,0.9,1.2,0.4,0.8
155,-,-,-,-,-,-,-,-,-,-,-,-,-,-,0.1,0.1,-
156,-,-,-,-,-,-,-,-,-,-,-,-,-,-,1,1,-
157,0.3,-,-,-,-,0.3,0.1,0.1,0.2,0.1,0.1,-,0.2,-,3.2,1.7,1.4
158,0.8,0.3,-,0.3,-,0.8,-,-,0.8,1.3,0.8,0.5,0.8,0.5,1.5,0.2,1.3
159,0.3,-,-,-,-,0.3,0.2,-,0.1,1,0.6,0.4,1.3,0.4,1.9,0.8,1.1
160,1.8,0.3,0.1,0.1,0.1,1.8,0.4,0.1,1.3,1.3,0.8,0.5,2.1,1.9,3.3,1.1,2.1
161,-,-,-,-,-,-,-,-,-,-,-,-,-,-,0.2,0.2,-
162,0.5,-,-,-,-,0.5,0.3,-,0.2,0.4,0.2,0.2,0.9,0.4,1.6,0.8,0.8
163,0.8,-,-,-,-,0.8,0.8,-,0.1,1.5,0.7,0.8,1.8,0.8,1,0.6,0.4
164,0.4,0.1,-,0.1,-,0.4,-,-,0.4,0.1,-,0.1,0.3,0.1,2.5,1.2,1.4
165,-,-,-,-,-,-,-,-,-,-,-,-,-,-,0.4,0.4,-
166,1,0.3,0.1,0.2,-,1,0.1,0.1,0.8,1.2,0.7,0.5,1,0.9,2.3,0.6,1.6
167,-,-,-,-,-,-,-,-,-,-,-,-,-,-,0.5,0.4,-
168,0.8,0.2,0.1,0.1,-,0.8,0.5,0.1,0.2,1.2,0.7,0.5,0.8,0.6,1.5,0.7,0.8
169,0.5,0.1,-,-,0.1,0.5,0.3,-,0.1,1.5,0.7,0.8,1.4,0.6,0.6,0.2,0.3
170,-,-,-,-,-,-,-,-,-,-,-,-,-,-,0.3,0.3,-
171,0.5,-,-,-,-,0.5,0.4,-,0.2,0.6,0.6,-,0.6,0.2,1.5,0.7,0.8
172,0.8,0.1,-,-,-,0.8,0.7,-,0.2,1.4,1.1,0.3,1.2,0.1,1,0.5,0.5
173,0.7,0.1,-,-,-,0.7,0.1,0.1,0.5,1.1,0.4,0.6,1.3,0.9,2.1,1.1,1
174,0.5,0.1,-,-,0.1,0.5,0.4,-,0.2,0.4,0.3,0.1,0.5,0.3,0.4,0.2,0.2
175,0.3,-,-,-,-,0.3,-,-,0.3,0.2,-,0.1,0.3,0.1,3.5,2.2,1.3
176,0.8,0.1,-,0.1,-,0.8,0.5,-,0.3,1.4,0.8,0.5,0.9,0.5,1.8,0.8,1
177,1.9,0.3,0.1,0.3,-,1.9,0.3,0.1,1.5,0.7,0.4,0.4,2.2,0.9,4,1.7,2.2
178,1.1,-,-,-,-,1.1,0.9,0.1,0.1,1,0.5,0.4,0.9,0.6,1,0.3,0.6
179,0.8,-,-,-,-,0.8,0.2,-,0.5,1.9,1.1,0.8,0.6,0.4,0.8,0.6,0.2
180,0.3,0.2,0.2,-,-,0.3,-,0.2,0.2,0.1,-,0.1,0.3,-,1.7,1.3,0.4
181,0.7,-,-,-,-,0.7,0.7,-,0.1,0.6,0.3,0.3,0.6,0.2,1.5,0.7,0.8
182,0.3,-,-,-,-,0.3,0.1,-,0.2,0.5,0.1,0.4,0.4,0.4,3.2,1.8,1.4
183,1.1,0.1,-,-,0.1,1.1,0.9,-,0.2,2,1.2,0.8,1.1,0.5,1,0.5,0.5
184,0.3,-,-,-,-,0.3,-,0.1,0.2,0.4,0.3,0.1,0.7,0.2,2.6,1,1.7
185,0.6,-,-,-,-,0.6,0.3,-,0.3,1.4,0.8,0.7,1.2,0.7,1.5,0.4,1.1
186,-,-,-,-,-,-,-,-,-,-,-,-,0.1,-,0.1,-,0.1
187,0.9,0.1,-,0.1,-,0.9,-,-,0.9,0.5,0.4,0.1,0.5,0.2,2.5,1.9,0.7
188,0.4,0.1,0.1,-,-,0.4,0.2,0.1,0.2,0.1,0.1,-,0.4,-,2.2,1.2,1.1
189,1.9,0.3,-,0.3,-,1.9,0.5,0.1,1.4,0.5,0.4,0.2,1.2,0.6,5.3,2.3,3
190,1.3,0.1,-,0.1,-,1.3,0.7,-,0.6,3.2,2,1.3,1.8,1.5,1,-,0.9
191,0.3,-,-,-,-,0.3,-,-,0.3,0.3,-,0.3,1,-,2.5,2,0.5
192,0.2,-,-,-,-,0.2,-,0.1,0.1,-,-,-,0.3,0.1,2.8,1.7,1.1
193,-,-,-,-,-,-,-,-,-,-,-,-,-,-,0.4,0.4,-
194,1.1,0.3,-,0.2,0.1,1.1,0.5,-,0.6,1.2,0.5,0.6,1.3,0.6,0.7,0.1,0.5
195,0.7,-,-,-,-,0.7,0.5,-,0.2,1.3,0.7,0.7,0.7,0.7,1,0.3,0.7
196,0.4,-,-,-,-,0.4,0.4,-,-,0.4,0.4,-,1.1,0.4,1.8,0.9,0.9
197,0.1,-,-,-,-,0.1,-,-,0.1,0.1,-,0.1,0.3,0.1,2.8,1.4,1.3
198,1,0.1,-,0.1,-,1,0.1,0.3,0.6,0.1,-,0.1,0.6,0.2,3.6,2.2,1.4
199,1.6,0.3,0.1,0.2,0.1,1.6,0.4,0.2,1,1.2,0.8,0.3,1.8,1,2.7,1,1.7
200,1,-,-,-,-,1,1,-,-,0.4,0.1,0.3,0.8,0.6,1.4,0.8,0.7
201,0.4,-,-,-,-,0.4,-,0.1,0.3,0.5,0.1,0.3,0.4,0.1,2.8,1.4,1.4
202,-,-,-,-,-,-,-,-,-,-,-,-,1,-,-,-,-
203,0.6,0.1,-,0.1,-,0.6,0.2,-,0.4,1.3,0.7,0.6,0.6,0.4,0.7,0.2,0.5
204,0.5,-,-,-,-,0.5,0.5,-,-,1.7,0.2,1.5,0.5,0.5,0.7,0.5,0.2
205,0.3,-,-,-,-,0.3,-,0.1,0.2,0.2,0.1,0.1,0.2,0.2,2.6,1.2,1.4
206,1.8,0.2,-,0.2,-,1.8,0.3,0.2,1.2,1.8,0.9,0.9,2.2,1.9,2.5,0.7,1.8
207,0.5,-,-,-,-,0.5,-,-,0.4,0.4,0.3,0.1,0.4,0.1,3.7,1.9,1.9
208,0.2,-,-,-,-,0.2,-,-,0.1,0.3,0.1,0.2,0.7,0.2,4.4,2,2.4
209,0.6,-,-,-,-,0.6,0.1,-,0.5,0.3,0.3,-,1,0.4,2.5,1.4,1.1
210,0.6,0.1,-,0.1,-,0.6,-,0.1,0.5,0.1,-,0.1,0.4,-,4,2.5,1.5
211,1.5,0.1,-,-,0.1,1.5,1.4,-,0.2,1.5,1,0.4,1.2,1.1,1.5,0.7,0.7
212,2.2,0.2,-,0.2,-,2.2,0.5,0.1,1.6,0.7,0.4,0.3,1.9,1,5.5,2.4,3
213,0.4,-,-,-,-,0.4,0.1,-,0.3,0.4,0.2,0.3,0.6,0.2,1.9,1,0.9
214,1,0.1,-,-,-,1,0.4,-,0.6,1.8,1.2,0.6,1.6,1.3,1.6,0.6,1
215,0.4,-,-,-,-,0.4,0.2,-,0.3,1.5,1,0.5,1.4,1,1.5,0.9,0.5
216,0.5,-,-,-,-,0.5,-,-,0.5,0.3,0.1,0.2,0.3,0.1,3.7,2.7,1
217,0.2,0.1,-,0.1,-,0.2,0.2,-,0.1,0.5,0.3,0.2,0.8,0.5,1.5,0.6,0.9
218,1,0.1,-,0.1,-,1,0.4,-,0.6,1.3,0.7,0.6,0.7,0.4,0.7,0.2,0.5
219,0.3,-,-,-,-,0.3,-,-,0.2,1,0.5,0.5,0.8,0.5,2,1.2,0.8
220,0.6,-,-,-,-,0.6,0.3,-,0.3,1.6,1,0.6,0.9,0.3,1.1,0.7,0.4
221,0.4,-,-,-,-,0.4,0.1,0.1,0.3,0.2,0.2,-,0.8,0.2,4.1,1.7,2.4
222,0.6,-,-,-,-,0.6,0.4,-,0.2,0.9,0.5,0.4,0.9,0.5,0.7,0.5,0.3
223,1.3,0.1,-,0.1,-,1.3,0.6,-,0.6,1.8,0.8,1,1.2,0.4,2.1,1.4,0.8
224,1.5,0.1,-,0.1,-,1.5,0.2,0.2,1.1,0.6,0.4,0.1,0.8,0.7,1.9,1,0.9
225,2.5,0.3,0.1,0.2,-,2.5,0.3,0.4,1.7,1.7,1.3,0.4,2.9,1.2,7.1,2.8,4.2
226,0.4,0.1,0.1,-,-,0.4,0.1,0.3,-,0.3,-,0.3,0.6,0.1,3.1,1.5,1.6
227,1.7,0.1,-,0.1,-,1.7,0.8,0.1,0.8,2.1,1.5,0.6,1.8,1.8,2.6,1.5,1.1
228,0.6,-,-,-,-,0.6,0.4,-,0.2,2.2,1,1.2,1.3,0.6,1.1,0.4,0.7
229,2,-,-,-,-,2,1,-,1,3,1,2,-,-,-,-,-
230,0.9,0.2,-,0.1,-,0.9,0.2,0.1,0.6,1,0.5,0.5,1.2,1.3,2.5,0.8,1.7
231,0.6,-,-,-,-,0.6,0.1,0.1,0.4,0.2,0.2,-,0.3,0.1,3.3,1.7,1.6
232,0.7,-,-,-,-,0.7,0.4,-,0.3,1,0.4,0.6,0.9,0.6,1.7,1.1,0.6
233,1.2,-,-,-,-,1.2,0.8,-,0.4,2.7,1.5,1.1,1.1,0.5,1.8,0.9,0.9
234,0.5,0.1,-,0.1,-,0.5,0.1,0.2,0.3,0.6,0.3,0.3,1.3,0.4,2.4,1.3,1.1
235,1.2,0.1,-,0.1,-,1.2,0.6,0.1,0.5,0.4,0.2,0.2,0.7,0.3,1.6,0.8,0.8
236,1.3,0.2,-,0.2,-,1.3,0.3,-,1,0.5,0.2,0.3,0.9,0.4,0.5,0.2,0.4
237,0.2,0.1,-,0.1,-,0.2,-,-,0.2,0.4,0.2,0.2,0.4,0.2,0.8,0.3,0.6
238,2.1,0.2,0.1,0.1,-,2.1,0.4,0.1,1.5,0.8,0.5,0.3,2.1,0.9,2.9,0.8,2.1
239,0.3,0.1,-,0.1,-,0.3,0.1,0.1,0.1,0.2,0.1,0.1,0.8,0.7,4.1,2.3,1.8
240,0.3,-,-,-,-,0.3,0.2,-,0.1,1.6,1,0.6,1.6,0.9,0.7,0.2,0.5
241,0.2,-,-,-,-,0.2,0.2,-,-,0.8,0.2,0.6,0.7,0.4,1.1,0.7,0.4
242,0.8,0.2,-,0.2,-,0.8,0.3,0.2,0.3,0.2,0.2,-,-,0.2,2.5,1.5,1
243,0.4,-,-,-,-,0.4,0.1,-,0.3,2.2,1.3,0.9,0.6,0.6,0.3,0.1,0.1
244,0.3,0.1,-,0.1,-,0.3,0.1,-,0.2,0.3,0.2,0.2,0.5,0.2,1,0.5,0.5
245,0.1,-,-,-,-,0.1,-,-,-,-,-,-,0.3,-,2.3,1.3,1.1
246,0.4,0.1,-,0.1,-,0.4,0.1,-,0.2,1.3,0.9,0.4,0.6,0.5,0.4,0.1,0.3
247,1.3,0.1,-,0.1,-,1.3,0.8,-,0.5,1.5,0.8,0.6,1.4,0.8,0.5,-,0.5
248,1,0.3,0.1,0.2,-,1,0.5,0.1,0.5,1,0.6,0.5,0.7,0.7,0.2,-,0.2
249,0.2,0.1,0.1,-,-,0.2,0.1,0.1,-,0.2,0.2,-,0.2,-,3.3,2.2,1.1
250,1.1,0.1,-,-,-,1.1,0.4,-,0.6,1.5,1.1,0.5,1.6,1,1.9,0.9,1
251,0.9,0.2,0.1,-,0.1,0.9,0.5,0.1,0.4,2.6,1.5,1.2,1.7,1,1.5,0.5,0.9
252,1.9,0.3,0.1,0.2,-,1.9,0.3,0.2,1.5,1.6,1.1,0.5,1.7,0.1,1.5,0.5,0.9
253,-,-,-,-,-,-,-,-,-,-,-,-,-,-,0.3,0.3,-
254,0.8,0.1,-,0.1,-,0.8,0.3,-,0.4,0.6,0.2,0.3,0.6,1,0.6,0.2,0.3
255,0.8,0.1,-,0.1,-,0.8,0.3,-,0.5,2.7,1.6,1.1,1.3,0.9,2.2,1.1,1.1
256,0.1,-,-,-,-,0.1,-,-,0.1,-,-,-,0.4,0.1,3.5,2.1,1.4
257,1.1,0.1,-,-,-,1.1,0.5,-,0.6,2,1.1,0.9,1.1,0.6,0.7,0.1,0.6
258,2,0.2,-,0.1,0.1,2,1,0.2,0.8,3.6,2.1,1.5,1.8,1.6,2.5,1.2,1.4
259,1,0.1,-,0.1,-,1,0.2,-,0.7,2.9,1.9,1,2.5,1.4,1.4,0.5,0.9
260,1.4,0.1,-,0.1,-,1.4,0.4,-,1,2.3,1.6,0.8,1.4,1,0.8,0.3,0.5
261,0.2,-,-,-,-,0.2,0.1,-,0.1,1,0.5,0.5,0.8,0.3,1.6,1.1,0.5
262,0.3,-,-,-,-,0.3,0.1,-,0.2,0.3,0.1,0.2,0.6,0.2,3.1,1.5,1.6
263,0.6,0.1,-,0.1,-,0.6,0.2,-,0.4,1.2,0.7,0.4,1.4,0.6,0.9,0.3,0.5
264,0.1,-,-,-,-,0.1,0.1,-,-,0.1,0.1,-,0.1,-,2.3,1.1,1.1
265,0.8,0.1,-,0.1,-,0.8,0.6,-,0.2,1,0.7,0.3,0.8,0.5,1.6,0.8,0.9
266,0.6,-,-,-,-,0.6,0.4,0.1,0.1,2.1,1.1,1,1,0.7,1,0.3,0.7
267,1.6,0.1,-,0.1,-,1.6,0.6,-,1,1.1,0.7,0.5,1.1,1,1.2,0.5,0.7
268,0.4,-,-,-,-,0.4,0.2,-,0.1,0.3,0.2,0.1,0.9,0.6,1.1,0.5,0.6
269,0.3,-,-,-,-,0.3,0.1,-,0.2,0.5,0.3,0.2,0.9,0.4,1.7,0.9,0.8
270,-,-,-,-,-,-,-,-,-,0.5,-,0.5,-,-,2,1.5,0.5
271,0.1,-,-,-,-,0.1,-,0.1,-,0.6,0.1,0.4,0.5,0.3,2.1,1.4,0.7
272,1.7,0.1,-,0.1,-,1.7,0.8,0.1,0.8,1,0.6,0.4,1.1,0.7,1.3,0.5,0.8
273,0.5,-,-,-,-,0.5,0.1,0.1,0.3,1.1,0.5,0.6,0.8,0.3,1.3,0.7,0.6
274,-,-,-,-,-,-,-,-,-,-,-,-,-,-,0.4,0.4,-
275,0.2,-,-,-,-,0.2,0.1,-,0.2,0.4,0.2,0.2,0.5,0.1,1.8,0.8,1
276,0.5,-,-,-,-,0.5,-,0.1,0.4,0.8,0.5,0.3,1.6,1,7.2,3.6,3.6
277,1.3,0.1,-,0.1,-,1.3,0.5,-,0.7,1.8,0.8,1,1,0.4,0.7,0.3,0.4
278,0.7,0.1,0.1,-,-,0.7,0.2,0.1,0.4,0.7,0.4,0.3,0.3,0.4,1.6,1,0.7
279,0.2,-,-,-,-,0.2,0.1,0.1,-,0.2,0.2,-,0.3,0.2,1.6,1,0.6
280,0.6,-,-,-,-,0.6,0.3,-,0.3,1.2,0.7,0.6,1.2,1.1,1.1,0.3,0.7
281,1.3,0.2,-,0.2,-,1.3,0.1,-,1.2,2.2,1.5,0.7,0.6,1.1,0.3,0.2,0.1
282,0.1,-,-,-,-,0.1,-,-,-,0.6,0.1,0.5,0.6,0.3,3.7,2.4,1.2
283,0.3,-,-,-,-,0.3,0.3,-,-,2,1.3,0.8,1.3,0.3,0.3,-,0.3
284,0.5,-,-,-,-,0.5,0.1,-,0.3,0.9,0.6,0.4,0.8,0.6,1.8,0.9,1
285,-,-,-,-,-,-,-,-,-,-,-,-,-,-,-,-,-
286,0.6,-,-,-,-,0.6,0.5,-,0.2,0.7,0.5,0.2,1,0.5,1.1,0.6,0.5
287,0.5,-,-,-,-,0.5,0.2,-,0.2,1.1,0.7,0.4,1,0.4,1.3,0.5,0.8
288,1.2,0.1,-,0.1,-,1.2,0.5,-,0.7,1.2,0.8,0.4,1.2,0.9,1.8,0.9,0.9
289,0.1,-,-,-,-,0.1,0.1,0.1,-,0.8,0.6,0.2,0.6,0.9,1.6,1.1,0.6
290,0.8,-,-,-,-,0.8,0.4,0.1,0.4,0.7,0.4,0.4,1.4,0.5,1.8,0.9,0.9
291,-,-,-,-,-,-,-,-,-,-,-,-,0.5,1,1,0.5,0.5
292,0.5,0.1,-,0.1,-,0.5,-,-,0.5,0.3,0.2,0.1,0.3,0.1,1.7,0.8,0.9
293,0.6,0.1,-,0.1,-,0.6,0.4,-,0.1,0.3,0.1,0.1,0.6,0.4,1.1,0.6,0.5
294,1.7,0.3,-,0.3,-,1.7,0.2,0.1,1.4,1.1,0.7,0.4,1.5,0.3,3.3,0.8,2.5
295,1.1,-,-,-,-,1.1,0.7,-,0.4,2.6,1.4,1.3,1.7,1.2,1,0.2,0.9
296,0.7,-,-,-,-,0.7,0.2,0.1,0.4,0.1,0.1,-,0.5,0.3,5.5,3.3,2.2
297,0.1,0.1,-,0.1,-,0.1,-,-,0.1,0.1,-,0.1,0.4,0.1,1.6,1.1,0.5
298,0.1,0.1,0.1,-,-,0.1,-,0.1,-,0.1,0.1,-,0.2,0.1,1.7,0.9,0.8
299,1,0.1,-,0.1,-,1,0.1,0.2,0.7,0.5,0.4,0.1,0.8,0.5,2.6,1.3,1.3
300,0.8,0.3,0.1,0.1,-,0.8,-,0.4,0.4,0.1,0.1,0.1,0.7,0.2,1.1,0.7,0.5
301,0.2,-,-,-,-,0.2,-,-,0.1,0.4,0.3,0.1,0.7,0.1,1.4,0.5,0.9
302,0.5,-,-,-,-,0.5,0.4,-,0.2,1.4,0.8,0.5,1.2,0.6,0.3,0.1,0.2
303,0.8,-,-,-,-,0.8,0.5,-,0.3,0.3,0.2,0.2,0.4,0.5,1.2,0.4,0.8
304,0.4,-,-,-,-,0.4,0.1,-,0.3,1.9,1.3,0.6,1.1,0.3,1.4,0.7,0.6
305,0.7,0.1,-,-,-,0.7,0.3,0.1,0.3,0.8,0.6,0.3,0.7,0.2,0.9,0.5,0.5
306,1,0.1,-,0.1,-,1,0.1,-,0.8,1.3,0.8,0.6,1.7,0.8,3.3,1.4,1.9
307,1.5,-,-,-,-,1.5,0.8,-,0.7,1.3,0.8,0.5,1.4,1,2,0.7,1.3
308,0.7,0.1,-,0.1,-,0.7,0.3,-,0.3,0.7,0.5,0.3,0.3,0.3,0.5,0.4,0.1
309,1.1,0.1,-,0.1,-,1.1,0.2,0.2,0.7,1.5,0.8,0.7,1.6,0.9,2.8,1.5,1.3
310,0.8,0.1,-,-,-,0.8,0.3,0.1,0.5,1.4,1,0.4,1,0.5,2.7,1.2,1.4
311,0.3,-,-,-,-,0.3,-,-,0.3,0.7,0.3,0.4,0.1,0.1,0.3,0.3,-
312,0.5,-,-,-,-,0.5,0.2,-,0.3,1.3,0.7,0.6,0.9,0.7,2.2,1.3,0.8
313,1,0.2,-,0.1,-,1,0.1,0.2,0.7,0.6,0.4,0.3,0.6,0.1,0.9,0.4,0.5
314,-,-,-,-,-,-,-,-,-,-,-,-,-,-,0.1,0.1,-
315,0.9,0.1,-,0.1,-,0.9,0.6,-,0.3,0.5,0.3,0.2,0.8,0.3,1,0.3,0.7
316,-,-,-,-,-,-,-,-,-,-,-,-,0.1,-,0.4,0.3,-
317,1.2,0.1,-,-,-,1.2,0.6,0.1,0.6,3.5,1.9,1.6,2.4,2,1.6,0.5,1.2
318,0.4,-,-,-,-,0.4,-,-,0.4,0.4,0.2,0.2,1,0.6,1.8,1,0.7
319,-,-,-,-,-,-,-,-,-,-,-,-,-,-,1,1,-
320,0.8,0.1,-,0.1,-,0.8,0.2,0.1,0.5,0.1,-,0.1,0.3,0.6,2.4,1.4,1
321,0.3,-,-,-,-,0.3,0.3,-,-,0.4,0.1,0.2,0.3,0.2,0.8,0.4,0.4
322,1.3,-,-,-,-,1.3,0.6,0.1,0.6,2.8,1.9,0.9,2.1,1.3,2.5,1.2,1.2
323,0.6,0.1,-,0.1,-,0.6,0.1,-,0.4,0.7,0.3,0.4,1.1,0.4,1.6,0.4,1.1
324,0.3,-,-,-,-,0.3,0.1,0.1,0.1,0.3,0.2,0.1,0.4,0.2,3.7,1.7,1.9
325,1.5,0.1,-,0.1,-,1.5,0.4,-,1.1,2,1.4,0.6,1.2,1,1.5,0.8,0.7
326,1.6,0.1,-,0.1,-,1.6,0.5,0.1,0.9,1.4,0.7,0.7,2.4,1.4,5.1,1.6,3.5
327,1.4,0.2,-,0.1,-,1.4,0.2,0.1,1.1,1.2,0.8,0.4,2,1,4.2,1.9,2.4
328,0.6,0.1,0.1,-,-,0.6,-,0.2,0.4,0.9,0.3,0.5,1.4,0.7,3,1.2,1.8
329,0.3,0.1,-,0.1,-,0.3,0.1,0.1,0.2,0.8,0.5,0.3,0.7,0.2,1.4,0.6,0.8
330,1.7,0.2,0.1,0.1,-,1.7,0.3,0.4,1.1,0.8,0.3,0.5,1.4,0.5,5,2.3,2.7
331,0.9,0.1,-,0.1,-,0.9,0.3,0.1,0.5,0.8,0.5,0.4,1,0.6,1.6,0.9,0.8
332,-,-,-,-,-,-,-,-,-,-,-,-,-,-,0.4,0.4,-
333,-,-,-,-,-,-,-,-,-,0.1,-,0.1,-,-,0.6,0.6,-
334,1,0.1,0.1,0.1,-,1,0.3,0.1,0.6,2.1,1.1,1,1.9,1.8,1.4,0.7,0.8
335,1.7,-,-,-,-,1.7,0.7,-,1,2.5,1.5,1.1,1,0.5,0.8,0.4,0.5
336,0.3,-,-,-,-,0.3,0.2,-,0.1,0.3,0.1,0.2,0.6,0.3,1,0.9,0.1
337,1.2,0.1,-,0.1,-,1.2,0.4,-,0.8,1.5,0.9,0.6,1.2,0.4,0.7,0.2,0.5
338,0.2,-,-,-,-,0.2,-,0.1,0.1,0.2,-,0.2,0.5,-,4,2.2,1.8
339,0.3,-,-,-,-,0.3,0.3,-,-,0.9,0.5,0.5,0.8,1.2,1.6,0.9,0.7
340,0.6,0.1,-,-,0.1,0.6,0.5,-,0.1,-,-,-,0.4,-,0.8,0.4,0.4
341,0.1,-,-,-,-,0.1,-,-,0.1,0.1,-,0.1,0.4,-,3.3,1.9,1.4
342,0.2,0.1,-,0.1,-,0.2,0.1,-,0.1,0.7,0.3,0.4,0.5,0.3,2.4,1.2,1.2
343,-,-,-,-,-,-,-,-,-,-,-,-,-,-,0.4,0.3,-
344,1.1,0.2,0.1,0.1,-,1.1,0.1,0.3,0.7,1,0.7,0.2,1.7,0.7,2.4,1,1.5
345,0.6,-,-,-,-,0.6,0.4,0.1,0.2,0.3,0.3,-,0.3,0.1,0.4,0.2,0.2
346,0.5,-,-,-,-,0.5,0.3,-,0.2,0.8,0.5,0.2,1.1,0.4,1.2,0.5,0.7
347,0.9,-,-,-,-,0.9,0.1,-,0.7,0.1,0.1,-,0.3,-,2.6,1.4,1.1
348,0.9,0.1,-,0.1,-,0.9,0.3,0.1,0.5,0.6,0.4,0.2,1.6,0.4,2.6,1,1.6
349,-,-,-,-,-,-,-,-,-,-,-,-,-,-,0.4,0.3,-
350,0.6,-,-,-,-,0.6,0.2,0.1,0.3,1.2,0.6,0.6,0.9,0.8,1.5,0.8,0.7
351,0.4,-,-,-,-,0.4,0.1,0.1,0.2,0.7,0.4,0.4,0.8,0.2,1.9,1.2,0.7
352,0.6,-,-,-,-,0.6,0.1,0.1,0.4,3.1,2.1,1,1.4,0.5,0.9,0.4,0.6
353,0.7,0.1,-,0.1,-,0.7,0.1,-,0.6,0.5,0.3,0.2,1.4,0.6,1,0.3,0.7
354,1.1,0.1,-,0.1,-,1.1,0.5,-,0.6,2.4,1.8,0.6,1.7,0.3,2.4,0.9,1.6
355,0.3,-,-,-,-,0.3,0.1,-,0.2,0.1,-,0.1,0.2,0.1,2.2,1.3,0.9
356,0.3,-,-,-,-,0.3,0.2,-,-,1,0.4,0.6,1.1,0.3,0.8,0.3,0.5
357,0.6,-,-,-,-,0.6,0.4,-,0.1,0.8,0.4,0.4,0.7,0.8,1.4,0.5,0.9
358,0.3,-,-,-,-,0.3,0.2,-,-,2.4,0.9,1.5,1.5,1,0.9,0.2,0.7
359,0.4,-,-,-,-,0.4,0.2,-,0.3,0.8,0.2,0.6,0.4,0.4,0.5,0.3,0.2
360,0.8,0.2,0.1,0.1,-,0.8,0.1,0.1,0.6,0.5,0.1,0.4,0.5,0.2,0.9,0.5,0.5
361,0.4,0.1,-,-,-,0.4,0.1,-,0.3,1.1,0.6,0.6,1.4,0.4,1.9,0.9,1
362,1.4,0.1,-,-,0.1,1.4,0.8,0.1,0.6,1.7,0.9,0.8,1.1,0.7,1.5,0.8,0.7
363,0.6,-,-,-,-,0.6,0.1,0.1,0.4,1.1,0.7,0.4,0.9,0.7,2.8,1.6,1.2
364,-,-,-,-,-,-,-,-,-,0.1,0.1,-,-,-,0.1,0.1,-
365,0.9,-,-,-,-,0.9,0.8,-,0.2,1.4,0.6,0.8,0.9,0.9,1.2,0.6,0.6
366,0.8,0.2,-,0.2,-,0.8,0.4,-,0.4,1.1,0.4,0.7,0.8,0.8,0.7,0.2,0.6
367,0.2,-,-,-,-,0.2,0.1,-,0.1,0.7,0.5,0.2,0.3,0.2,2.1,0.8,1.3
368,0.2,-,-,-,-,0.2,0.2,-,-,1,0.5,0.5,1,0.6,0.9,0.5,0.4
369,1,0.2,0.2,-,-,1,0.1,0.2,0.7,0.8,0.3,0.4,1.6,0.7,2.2,0.7,1.6
370,0.1,-,-,-,-,0.1,-,-,0.1,0.2,0.1,0.1,0.3,0.3,3.6,2.2,1.4
371,0.7,0.1,-,0.1,-,0.7,0.5,-,0.2,0.7,0.3,0.4,0.5,0.4,0.9,0.3,0.6
372,0.7,0.1,-,0.1,-,0.7,0.2,0.1,0.5,0.9,0.5,0.4,1.6,0.9,4.4,1.9,2.5
373,1.2,0.1,-,-,-,1.2,0.4,0.1,0.6,1,0.5,0.5,1.2,0.6,1.2,0.4,0.8
374,0.3,-,-,-,-,0.3,0.1,0.1,0.2,0.7,0.3,0.4,0.9,0.3,0.8,0.4,0.4
375,1.6,-,-,-,-,1.6,1.4,-,0.2,0.6,0.4,0.2,0.6,0.1,0.8,0.4,0.4
376,0.3,-,-,-,-,0.3,0.1,-,0.2,1,0.7,0.3,0.8,0.5,1.1,0.5,0.7
377,1,0.1,-,0.1,-,1,0.4,-,0.6,0.6,0.4,0.2,1,0.6,0.7,0.1,0.6
378,0.4,-,-,-,-,0.4,-,0.2,0.2,0.2,0.1,0.1,0.3,0.2,2.8,1.6,1.1
379,0.3,-,-,-,-,0.3,0.2,-,0.1,0.2,-,0.2,0.2,0.3,1.3,1.1,0.2
380,0.4,-,-,-,-,0.4,0.1,-,0.3,0.8,0.6,0.1,1.5,0.6,3.8,1.8,2
381,0.3,-,-,-,-,0.3,0.2,0.1,0.1,0.6,0.3,0.4,0.5,0.5,1.1,0.5,0.6
382,0.4,0.2,0.1,0.1,-,0.4,0.1,0.2,0.2,0.1,0.1,-,0.2,0.1,1.6,0.9,0.7
383,0.1,-,-,-,-,0.1,-,-,0.1,1.6,1,0.6,0.7,0.6,0.6,0.1,0.4
384,0.2,-,-,-,-,0.2,0.1,-,0.1,1.4,0.8,0.6,1.1,0.4,1.4,0.6,0.8
385,0.3,-,-,-,-,0.3,0.1,-,0.2,0.4,0.2,0.2,0.5,0.2,2.5,1.2,1.3
386,0.7,-,-,-,-,0.7,0.3,-,0.4,0.8,0.6,0.3,0.5,0.3,0.8,0.3,0.5
387,0.7,0.3,-,0.1,0.2,0.7,0.3,-,0.5,1.3,0.8,0.5,1.5,1.4,2.3,0.3,2
388,0.6,-,-,-,-,0.6,0.4,-,0.2,0.8,0.5,0.3,0.6,0.3,0.9,0.3,0.5
389,0.8,-,-,-,-,0.8,0.6,-,0.2,1.3,0.7,0.6,1.1,0.7,1.2,0.4,0.8
390,0.2,-,-,-,-,0.2,0.1,-,0.1,0.3,0.2,0.1,0.6,0.2,2.7,1,1.6
391,0.1,-,-,-,-,0.1,0.1,-,-,0.9,0.5,0.4,0.9,0.4,1.9,0.9,1
392,0.4,-,-,-,-,0.4,0.1,-,0.3,0.8,0.3,0.4,0.8,0.6,1.9,0.8,1.2
393,1,-,-,-,-,1,0.4,-,0.5,2,1.1,0.9,1.2,0.7,1.3,0.5,0.8
394,0.6,-,-,-,-,0.6,0.4,-,0.2,0.3,0.2,0.1,0.8,0.1,1.3,0.4,0.9
395,0.8,-,-,-,-,0.8,0.6,-,0.1,0.6,0.4,0.2,1.1,0.5,1.3,0.5,0.8
396,0.8,-,-,-,-,0.8,0.4,-,0.4,1.4,0.6,0.8,1.6,0.5,0.9,0.3,0.6
397,-,-,-,-,-,-,-,-,-,-,-,-,0.8,0.5,2,1.3,0.8
398,0.3,-,-,-,-,0.3,0.1,-,0.1,0.7,0.3,0.4,0.7,0.4,1.3,0.7,0.7
399,0.6,-,-,-,-,0.6,0.3,0.1,0.2,0.1,-,0.1,0.5,0.4,2.3,1.2,1.1
400,0.6,0.1,-,0.1,-,0.6,0.3,0.1,0.2,0.6,0.4,0.3,1,0.8,1.2,0.3,0.9
401,0.1,-,-,-,-,0.1,-,-,0.1,-,-,-,0.3,0.2,1.9,1.3,0.6
402,0.2,-,-,-,-,0.2,-,-,0.2,0.9,0.4,0.5,0.7,0.6,0.6,0.2,0.4
403,0.8,0.1,-,0.1,-,0.8,0.2,-,0.6,2.3,1.3,1,2.6,1.2,0.8,0.3,0.6
404,0.7,0.1,-,0.1,-,0.7,0.1,0.2,0.4,0.9,0.6,0.3,1,0.8,0.8,0.4,0.4
405,-,-,-,-,-,-,-,-,-,-,-,-,-,-,-,-,-
406,0.2,-,-,-,-,0.2,0.1,-,0.1,0.8,0.4,0.4,0.9,0.3,2,1,1.1
407,2,-,-,-,-,2,1,-,1,1,1,-,1,2,1,1,-
408,0.3,-,-,-,-,0.3,-,0.1,0.1,0.1,0.1,-,0.6,-,3.4,1.7,1.7
409,0.6,0.1,-,0.1,-,0.6,0.2,-,0.5,0.5,0.1,0.4,0.3,0.5,0.9,0.2,0.7
410,0.5,-,-,-,-,0.5,0.3,0.3,-,-,-,-,0.3,-,1,0.5,0.5
411,0.5,-,-,-,-,0.5,0.5,-,-,0.3,0.1,0.2,0.6,0.2,1,0.4,0.6
412,0.5,0.1,-,-,0.1,0.5,0.1,-,0.3,0.9,0.7,0.3,0.7,0.1,0.9,0.5,0.4
413,0.8,0.1,-,0.1,-,0.8,0.2,0.1,0.5,1.1,0.7,0.4,1.3,1,0.6,0.3,0.4
414,0.5,0.1,-,0.1,-,0.5,0.1,0.1,0.3,0.2,0.1,0.1,0.5,0.2,1.3,0.3,0.9
415,0.6,0.1,0.1,-,-,0.6,0.1,0.3,0.3,0.2,0.2,0.1,0.2,0.1,2.8,1.8,1.1
416,0.9,-,-,-,-,0.9,0.3,-,0.6,1.7,1,0.7,1.1,0.4,0.9,0.3,0.6
417,1.2,0.1,-,0.1,-,1.2,0.2,-,1,2.3,1.2,1.1,1.1,0.8,0.6,0.2,0.5
418,0.7,-,-,-,-,0.7,0.3,-,0.4,1.4,0.8,0.6,0.6,0.3,0.1,-,0.1
419,-,-,-,-,-,-,-,-,-,0.1,0.1,-,0.7,-,1.1,0.6,0.6
420,0.3,-,-,-,-,0.3,0.1,-,0.2,0.2,0.2,-,0.1,0.4,1.3,0.8,0.4
421,-,-,-,-,-,-,-,-,-,-,-,-,-,-,-,-,-
422,0.7,-,-,-,-,0.7,-,0.3,0.3,1,1,-,0.7,0.3,0.3,-,0.3
423,0.7,-,-,-,-,0.7,0.6,-,0.1,2,1,1,1,1.5,0.7,0.3,0.4
424,-,-,-,-,-,-,-,-,-,0.8,-,0.8,0.3,0.3,2,0.8,1.3
425,-,-,-,-,-,-,-,-,-,0.3,-,0.3,1,0.7,1.3,1,0.3
426,0.5,0.1,-,-,0.1,0.5,0.3,-,0.3,0.6,0.4,0.3,1.4,0.8,0.8,0.5,0.3
427,0.4,0.1,-,0.1,-,0.4,0.3,-,0.1,0.3,0.2,0.1,1.2,0.5,1,0.5,0.5
428,0.9,-,-,-,-,0.9,0.6,0.1,0.2,0.6,0.6,-,0.3,0.4,1.3,0.6,0.7
429,0.6,0.1,-,0.1,-,0.6,0.1,-,0.4,1,0.6,0.4,0.4,0.1,0.4,-,0.4
430,0.3,-,-,-,-,0.3,0.3,-,-,1.8,1.3,0.5,0.5,0.5,1,0.5,0.5
431,-,-,-,-,-,-,-,-,-,2.7,2,0.7,1.6,0.2,2.1,0.8,1.3
432,0.3,-,-,-,-,0.3,-,-,0.3,1.2,0.8,0.4,1.3,0.8,1.3,0.5,0.8
433,0.2,-,-,-,-,0.2,-,-,0.1,0.2,0.1,0.1,0.3,0.1,2.4,1.3,1.2
434,0.7,-,-,-,-,0.7,0.3,-,0.3,1.2,0.3,0.8,0.3,-,2.3,1.3,1
435,-,-,-,-,-,-,-,-,-,-,-,-,-,-,-,-,-
436,0.5,-,-,-,-,0.5,0.3,-,0.3,0.8,0.8,-,-,1.3,1,-,1
437,0.6,0.1,-,0.1,-,0.6,0.4,-,0.3,0.8,0.5,0.3,1,0.6,1,0.3,0.8
438,0.7,0.1,-,0.1,-,0.7,0.6,-,0.1,0.7,0.2,0.4,0.1,0.2,0.4,0.2,0.2
439,0.3,0.1,0.1,-,-,0.3,-,0.3,0.1,0.8,0.4,0.4,0.6,-,1.1,0.6,0.5
440,1,-,-,-,-,1,0.5,-,0.5,1.6,1,0.6,0.9,0.6,0.3,0.1,0.1
441,0.8,0.1,-,0.1,-,0.8,0.3,-,0.5,1.1,0.9,0.2,1.2,0.9,0.5,0.1,0.3
442,0.2,-,-,-,-,0.2,-,-,0.2,1.2,0.6,0.6,0.2,0.6,0.4,0.4,-
443,0.2,-,-,-,-,0.2,0.2,-,-,0.7,0.3,0.3,0.5,0.7,0.7,0.1,0.6
444,0.2,0.1,0.1,-,-,0.2,-,0.1,0.1,-,-,-,0.2,-,1.4,0.7,0.6
445,-,-,-,-,-,-,-,-,-,-,-,-,-,-,0.3,0.2,0.1
446,0.1,-,-,-,-,0.1,0.1,-,-,0.4,0.1,0.3,0.1,0.6,1,0.9,0.1
447,0.7,-,-,-,-,0.7,-,-,0.7,0.2,-,0.2,0.2,0.3,5.8,3.8,2
448,0.6,-,-,-,-,0.6,0.2,-,0.4,0.6,0.3,0.2,0.4,0.2,1.3,0.6,0.7
449,1,0.1,-,-,-,1,-,0.1,0.9,0.4,0.3,0.1,1.4,0.7,2.6,1.4,1.3
450,0.3,-,-,-,-,0.3,0.1,-,0.2,0.4,0.2,0.3,0.4,0.3,2.1,1.1,0.9
451,1.1,0.1,0.1,0.1,-,1.1,0.2,0.2,0.6,0.3,0.2,0.1,0.6,0.6,2.6,1.1,1.5
452,0.6,0.1,-,0.1,-,0.6,0.1,0.1,0.4,0.7,0.4,0.3,0.8,0.4,1.9,0.9,1
453,0.7,-,-,-,-,0.7,0.2,-,0.4,1.1,0.7,0.4,1,0.7,0.6,0.1,0.4
454,0.2,-,-,-,-,0.2,0.1,-,0.1,1.2,0.6,0.6,1.4,0.8,1.3,0.6,0.6
455,0.5,-,-,-,-,0.5,-,0.1,0.4,0.4,0.2,0.2,0.5,0.2,1.5,0.7,0.8
456,-,-,-,-,-,-,-,-,-,-,-,-,-,-,0.2,0.2,-
457,0.2,-,-,-,-,0.2,0.2,-,-,1.2,0.2,1,0.3,0.3,1.3,0.8,0.5
458,1.1,0.1,0.1,-,-,1.1,0.3,0.2,0.7,0.6,0.4,0.1,1,0.8,1.8,0.7,1.1
459,0.4,-,-,-,-,0.4,0.3,-,0.2,1.3,1.2,0.2,0.7,0.3,1.1,0.4,0.7
460,-,-,-,-,-,-,-,-,-,0.5,-,0.5,0.5,-,0.5,0.5,-
461,0.7,-,-,-,-,0.7,0.4,-,0.3,0.2,0.1,0.1,0.6,0.1,0.2,0.1,0.1
462,1.3,0.1,-,-,0.1,1.3,0.4,-,0.9,1.6,1.1,0.5,1.9,1.4,1.8,0.4,1.4
463,1.1,-,-,-,-,1.1,0.5,0.1,0.5,1.9,1.3,0.6,1.1,0.6,1.1,0.1,0.9
464,0.7,0.1,0.1,-,-,0.7,0.1,0.2,0.4,-,-,-,0.7,-,4.2,2.2,2
465,1,-,-,-,-,1,-,1,-,-,-,-,2,2,3,-,3
466,0.8,-,-,-,-,0.8,0.3,-,0.5,1.4,0.5,0.8,0.6,0.1,0.7,0.2,0.5
467,0.8,0.1,-,0.1,-,0.8,0.2,0.1,0.5,0.4,0.2,0.2,1.3,0.9,3.2,0.9,2.3
468,0.3,-,-,-,-,0.3,0.3,-,-,0.8,0.5,0.3,0.4,0.2,0.6,-,0.6
469,0.6,0.1,0.1,-,-,0.6,0.3,0.1,0.3,1.2,0.8,0.4,0.9,0.6,1.9,0.8,1.1
470,0.1,-,-,-,-,0.1,0.1,-,-,0.8,0.5,0.3,0.5,0.4,0.6,0.3,0.4
471,0.6,-,-,-,-,0.6,0.1,-,0.6,1.2,0.7,0.5,0.3,0.5,0.4,-,0.4
472,0.4,-,-,-,-,0.4,-,-,0.4,1.2,1,0.2,0.6,-,0.6,0.2,0.4
473,0.5,-,-,-,-,0.5,0.1,0.1,0.3,0.4,0.3,0.1,0.8,0.1,2,0.8,1.2
474,0.3,-,-,-,-,0.3,0.1,0.1,0.1,1.1,0.6,0.6,0.6,0.4,1,0.3,0.7
475,0.7,-,-,-,-,0.7,0.3,0.1,0.4,0.7,0.3,0.5,1.1,0.8,1.8,0.9,0.9
476,-,-,-,-,-,-,-,-,-,0.9,0.7,0.1,0.3,-,0.3,0.1,0.1
477,0.3,0.1,0.1,-,-,0.3,0.1,0.1,0.1,0.2,0.2,0.1,0.3,0.2,0.5,0.4,0.1
478,0.1,-,-,-,-,0.1,-,-,0.1,0.4,0.3,0.1,0.4,0.1,0.8,0.4,0.4
479,0.3,-,-,-,-,0.3,-,-,0.3,-,-,-,0.1,0.1,1.9,0.7,1.1
480,0.1,-,-,-,-,0.1,0.1,-,-,0.4,0.3,0.1,0.7,0.7,1.7,0.7,1
481,0.3,-,-,-,-,0.3,0.3,-,-,0.3,0.3,-,-,0.3,1.3,0.7,0.7
482,0.8,-,-,-,-,0.8,0.4,-,0.4,1.3,0.9,0.5,0.3,0.5,0.5,0.3,0.3
483,-,-,-,-,-,-,-,-,-,0.3,-,0.3,-,-,0.3,-,0.3
484,0.2,-,-,-,-,0.2,0.2,-,-,0.3,0.2,0.1,0.4,0.2,0.8,0.2,0.6
485,0.8,-,-,-,-,0.8,0.3,0.1,0.4,1.7,1,0.7,1.3,0.8,0.4,0.2,0.3
486,0.5,-,-,-,-,0.5,0.2,-,0.3,1.5,1,0.5,0.3,0.5,1.5,1,0.5
487,-,-,-,-,-,-,-,-,-,1,0.5,0.5,1,0.3,0.3,0.3,-
488,-,-,-,-,-,-,-,-,-,1,0.6,0.4,1,1,0.8,-,0.8
489,0.1,-,-,-,-,0.1,0.1,-,-,0.1,0.1,-,0.3,0.3,0.8,0.3,0.5
490,0.1,-,-,-,-,0.1,-,0.1,-,0.1,0.1,-,0.3,-,1.1,0.1,1
491,0.3,-,-,-,-,0.3,-,-,0.3,0.4,0.3,0.1,0.9,0.4,1.5,0.7,0.8
492,0.2,-,-,-,-,0.2,-,-,0.2,-,-,-,0.2,-,1.8,0.4,1.4
493,0.5,-,-,-,-,0.5,-,-,0.5,0.3,0.3,-,1.3,0.3,0.8,0.3,0.5
494,1,-,-,-,-,1,0.6,-,0.4,1.9,1.1,0.8,1.8,1.1,1.6,0.4,1.3
495,0.4,-,-,-,-,0.4,0.1,-,0.2,0.9,0.4,0.4,1.2,0.7,1.9,1,0.9
496,-,-,-,-,-,-,-,-,-,0.7,0.2,0.4,0.9,0.1,0.3,0.2,0.1
497,0.5,-,-,-,-,0.5,0.1,-,0.4,0.6,0.4,0.2,1.5,0.4,2.2,0.7,1.5
498,-,-,-,-,-,-,-,-,-,0.8,0.3,0.4,1.2,0.3,1,0.3,0.7
499,1,-,-,-,-,1,1,-,-,-,-,-,-,-,0.5,0.5,-
500,0.2,-,-,-,-,0.2,-,-,0.2,0.4,0.4,-,0.6,0.8,4.6,2.2,2.4
501,-,-,-,-,-,-,-,-,-,1.5,1,0.5,0.3,0.3,0.2,0.2,-
502,0.5,-,-,-,-,0.5,0.3,-,0.2,0.8,0.5,0.3,0.5,0.4,0.8,0.4,0.4
503,0.7,-,-,-,-,0.7,0.3,0.1,0.3,0.7,0.6,0.1,0.9,0.1,0.6,0.1,0.4
504,-,-,-,-,-,-,-,-,-,-,-,-,0.5,-,0.5,-,0.5
505,0.5,0.1,-,-,-,0.5,0.2,-,0.3,1,0.7,0.4,1.1,0.5,1.4,0.4,1
506,0.4,-,-,-,-,0.4,0.1,0.1,0.2,0.8,0.6,0.2,0.5,0.2,1,0.6,0.4
507,0.7,0.1,-,0.1,-,0.7,-,0.1,0.6,0.5,0.4,-,1.1,0.6,1.9,0.6,1.2
508,1.3,-,-,-,-,1.3,0.2,0.1,1,0.2,-,0.2,0.5,0.1,1.6,0.9,0.7
509,-,-,-,-,-,-,-,-,-,1,-,1,-,-,2,-,2
510,-,-,-,-,-,-,-,-,-,-,-,-,-,-,2,1,1
511,0.9,0.1,-,0.1,-,0.9,0.5,0.1,0.3,0.6,0.3,0.4,0.6,0.5,0.6,0.1,0.5
512,0.2,-,-,-,-,0.2,-,-,0.2,0.7,0.4,0.3,0.7,0.4,1.5,0.5,1
513,-,-,-,-,-,-,-,-,-,-,-,-,-,-,1,-,1
514,-,-,-,-,-,-,-,-,-,0.5,0.5,-,-,-,0.5,-,0.5
515,0.3,-,-,-,-,0.3,0.1,-,0.2,0.9,0.7,0.2,0.8,0.4,0.9,0.2,0.7
516,0.5,-,-,-,-,0.5,0.1,-,0.3,1.1,0.8,0.3,1.4,0.5,2.3,1,1.3
517,1,-,-,-,-,1,-,-,1,-,-,-,-,-,-,-,-
518,-,-,-,-,-,-,-,-,-,-,-,-,-,1,-,-,-
519,-,-,-,-,-,-,-,-,-,-,-,-,-,-,-,-,-
520,0.4,-,-,-,-,0.4,-,0.2,0.2,0.8,0.6,0.2,0.6,0.2,0.2,0.2,-
521,-,-,-,-,-,-,-,-,-,0.2,0.2,-,0.7,0.3,1.2,0.8,0.3
522,-,-,-,-,-,-,-,-,-,-,-,-,-,-,1,0.5,0.5
523,0.6,-,-,-,-,0.6,0.4,-,0.3,1,0.6,0.4,0.8,1.3,2.4,0.8,1.6
524,-,-,-,-,-,-,-,-,-,0.7,0.3,0.3,0.7,-,0.7,0.3,0.3
525,0.9,0.1,-,0.1,-,0.9,0.4,-,0.4,0.9,0.6,0.3,0.9,1.3,0.9,0.3,0.6
526,0.3,-,-,-,-,0.3,0.3,-,-,0.5,0.3,0.3,0.5,0.3,0.2,0.1,0.1
527,0.2,-,-,-,-,0.2,0.1,-,0.1,0.9,0.9,-,0.8,0.2,1,0.6,0.4
528,0.3,-,-,-,-,0.3,0.3,-,-,0.7,0.3,0.3,1,0.3,0.3,0.3,-
529,0.7,-,-,-,-,0.7,0.7,-,-,-,-,-,1.3,0.7,1.3,1,0.3
530,0.1,-,-,-,-,0.1,0.1,-,-,0.1,-,0.1,0.1,-,1.1,0.3,0.8
531,0.3,0.1,-,0.1,-,0.3,0.1,-,0.1,0.4,0.3,0.1,0.4,0.9,0.9,0.3,0.6
532,0.3,-,-,-,-,0.3,0.3,-,-,0.3,-,0.3,0.5,0.3,0.5,0.3,0.3
533,0.2,-,-,-,-,0.2,-,-,0.2,-,-,-,0.2,0.5,0.7,0.3,0.3
534,0.2,-,-,-,-,0.2,0.2,-,-,0.1,-,0.1,0.4,0.5,1,0.6,0.4
535,0.6,-,-,-,-,0.6,0.1,-,0.4,0.8,0.6,0.2,0.7,0.3,1.3,0.6,0.8
536,0.3,-,-,-,-,0.3,-,-,0.3,0.7,0.7,-,2,0.3,1,-,1
537,0.2,-,-,-,-,0.2,0.2,-,-,0.6,0.2,0.4,0.4,0.4,0.4,-,0.4
538,-,-,-,-,-,-,-,-,-,-,-,-,-,-,0.3,0.3,-
539,-,-,-,-,-,-,-,-,-,-,-,-,-,-,1.7,1,0.7
540,0.2,-,-,-,-,0.2,0.2,-,-,0.2,-,0.2,-,0.4,-,-,-
541,0.8,-,-,-,-,0.8,0.2,-,0.7,0.2,0.2,-,1.2,0.5,1,0.7,0.3
542,0.9,-,-,-,-,0.9,0.1,-,0.7,0.9,0.6,0.3,1.7,0.6,4.4,1.4,3
543,0.9,-,-,-,-,0.9,0.2,-,0.6,1.3,0.9,0.4,0.9,0.9,0.5,0.2,0.3
544,0.4,0.1,0.1,-,-,0.4,0.1,0.1,0.1,-,-,-,0.1,0.2,1,0.2,0.8
545,-,-,-,-,-,-,-,-,-,0.7,0.6,0.1,0.2,-,-,-,-
546,0.5,-,-,-,-,0.5,0.2,-,0.3,0.5,0.3,0.2,1.2,0.8,1.2,0.1,1.1
547,0.2,-,-,-,-,0.2,-,-,0.2,0.6,0.4,0.2,1,0.2,0.8,0.4,0.4
548,1,-,-,-,-,1,0.3,-,0.6,0.4,0.2,0.2,1.1,0.3,1.3,0.2,1.1
549,0.5,0.1,-,-,-,0.5,0.1,0.1,0.3,-,-,-,0.6,0.3,2.6,0.8,1.8
550,0.2,-,-,-,-,0.2,0.1,-,0.1,0.2,0.1,0.1,0.2,0.4,-,-,-
551,1,-,-,-,-,1,1,-,-,-,-,-,-,-,1,1,-
552,0.4,-,-,-,-,0.4,0.4,-,-,0.7,0.3,0.4,0.6,0.3,0.1,-,0.1
553,0.3,-,-,-,-,0.3,0.3,-,-,1.3,0.7,0.7,0.3,0.3,0.3,0.3,-
554,-,-,-,-,-,-,-,-,-,0.3,0.1,0.1,0.5,0.5,1.4,0.6,0.8
555,0.5,-,-,-,-,0.5,0.1,-,0.4,0.4,0.2,0.2,0.7,0.4,1.5,0.3,1.2
556,0.5,-,-,-,-,0.5,-,-,0.5,-,-,-,-,-,-,-,-
557,0.3,-,-,-,-,0.3,0.2,-,0.1,1.3,0.9,0.5,0.5,0.6,0.6,0.1,0.5
558,0.1,-,-,-,-,0.1,-,-,0.1,0.1,0.1,-,0.9,0.1,0.9,0.3,0.6
559,0.3,-,-,-,-,0.3,0.1,-,0.1,0.9,0.8,0.1,0.1,0.1,0.3,-,0.3
560,0.5,-,-,-,-,0.5,-,0.1,0.4,0.9,0.7,0.2,1,0.4,2.8,1.1,1.8
561,0.1,-,-,-,-,0.1,-,-,0.1,0.1,-,0.1,0.4,0.1,2.3,0.8,1.5
562,-,-,-,-,-,-,-,-,-,-,-,-,-,-,-,-,-
563,0.3,-,-,-,-,0.3,0.3,-,-,-,-,-,0.3,-,1,0.7,0.3
564,0.3,-,-,-,-,0.3,0.3,-,-,0.3,-,0.3,1.3,1.3,0.3,-,0.3
565,-,-,-,-,-,-,-,-,-,1,1,-,-,-,-,-,-
566,0.2,-,-,-,-,0.2,0.1,-,0.1,0.1,-,0.1,0.6,0.1,1,0.3,0.7
567,0.5,-,-,-,-,0.5,0.3,-,0.2,0.2,0.2,-,0.2,0.2,0.2,-,0.2
568,0.4,-,-,-,-,0.4,0.1,-,0.3,0.1,0.1,-,0.6,0.4,2.5,1.1,1.4
569,0.3,-,-,-,-,0.3,0.3,-,-,-,-,-,1,-,0.7,0.7,-
570,0.5,-,-,-,-,0.5,0.3,-,0.3,0.5,0.3,0.3,1.8,0.3,0.5,0.3,0.3
571,-,-,-,-,-,-,-,-,-,-,-,-,-,-,1,-,1
572,0.5,-,-,-,-,0.5,0.3,-,0.2,0.2,-,0.2,0.2,0.3,1,0.5,0.5
573,0.6,-,-,-,-,0.6,-,0.1,0.4,1.1,0.9,0.3,2.6,1.1,4,2.3,1.7
574,-,-,-,-,-,-,-,-,-,-,-,-,-,-,0.5,0.5,-
575,-,-,-,-,-,-,-,-,-,-,-,-,-,-,1,1,-
576,-,-,-,-,-,-,-,-,-,0.5,0.5,-,0.5,-,0.5,-,0.5
577,-,-,-,-,-,-,-,-,-,-,-,-,1,-,-,-,-
578,0.4,-,-,-,-,0.4,-,-,0.4,0.8,0.4,0.4,1,0.8,-,-,-
579,-,-,-,-,-,-,-,-,-,-,-,-,-,-,-,-,-
580,-,-,-,-,-,-,-,-,-,0.3,0.1,0.1,0.1,0.1,0.4,0.1,0.3
581,-,-,-,-,-,-,-,-,-,-,-,-,1,-,-,-,-
582,-,-,-,-,-,-,-,-,-,-,-,-,-,-,-,-,-
583,-,-,-,-,-,-,-,-,-,-,-,-,-,-,-,-,-
584,0.2,-,-,-,-,0.2,-,-,0.2,0.8,0.5,0.3,0.5,0.6,1.2,0.3,0.9
585,0.8,0.1,0.1,-,-,0.8,0.1,0.1,0.5,0.5,0.3,0.3,1.6,1.3,2.5,0.4,2.1
586,0.5,-,-,-,-,0.5,0.5,-,-,0.5,0.5,-,1,1.5,2,0.5,1.5
587,0.1,0.1,-,0.1,-,0.1,-,-,0.1,0.4,0.3,0.1,0.3,0.3,0.7,0.2,0.5
588,0.3,-,-,-,-,0.3,0.3,-,-,-,-,-,0.2,-,0.7,0.3,0.3
589,-,-,-,-,-,-,-,-,-,0.3,-,0.3,-,0.5,0.3,-,0.3
590,-,-,-,-,-,-,-,-,-,-,-,-,-,-,0.4,0.3,0.1
591,-,-,-,-,-,-,-,-,-,-,-,-,-,0.2,0.2,-,0.2
592,0.3,-,-,-,-,0.3,0.3,-,-,0.7,0.7,-,-,-,0.3,0.3,-
593,0.2,-,-,-,-,0.2,-,-,0.2,0.5,0.5,-,0.3,-,0.7,0.3,0.3
594,0.4,-,-,-,-,0.4,0.1,-,0.3,0.4,0.2,0.2,0.8,0.3,2.3,0.7,1.6
595,-,-,-,-,-,-,-,-,-,-,-,-,0.5,-,0.5,-,0.5
596,-,-,-,-,-,-,-,-,-,-,-,-,-,-,-,-,-
597,-,-,-,-,-,-,-,-,-,0.5,0.5,-,-,-,-,-,-
598,0.8,-,-,-,-,0.8,0.4,-,0.4,0.6,0.4,0.2,0.4,-,1.2,0.4,0.8
599,-,-,-,-,-,-,-,-,-,-,-,-,-,-,-,-,-
600,-,-,-,-,-,-,-,-,-,-,-,-,-,-,-,-,-
601,-,-,-,-,-,-,-,-,-,-,-,-,-,-,1,-,1
602,-,-,-,-,-,-,-,-,-,-,-,-,1,-,1,1,-
603,-,-,-,-,-,-,-,-,-,-,-,-,-,-,-,-,-
604,0.1,-,-,-,-,0.1,-,0.1,-,-,-,-,0.6,0.3,0.8,0.1,0.7
605,-,-,-,-,-,-,-,-,-,-,-,-,-,-,-,-,-
606,-,-,-,-,-,-,-,-,-,-,-,-,-,-,-,-,-
607,0.3,-,-,-,-,0.3,0.2,-,0.2,0.5,0.2,0.3,0.5,-,1.7,0.8,0.8
608,-,-,-,-,-,-,-,-,-,-,-,-,-,-,1,-,1
609,0.1,-,-,-,-,0.1,-,-,0.1,0.4,0.1,0.3,-,0.1,1,0.4,0.6
610,-,-,-,-,-,-,-,-,-,1,1,-,-,-,2,-,2
611,-,-,-,-,-,-,-,-,-,-,-,-,-,-,0.5,-,0.5
612,-,-,-,-,-,-,-,-,-,-,-,-,1.3,0.7,0.3,-,0.3
613,-,-,-,-,-,-,-,-,-,-,-,-,2,-,1,-,1
614,-,-,-,-,-,-,-,-,-,-,-,-,-,1,-,-,-
615,-,-,-,-,-,-,-,-,-,1,1,-,1.5,0.5,1,-,1
616,2,-,-,-,-,2,2,-,-,-,-,-,-,-,-,-,-
617,0.8,-,-,-,-,0.8,-,0.2,0.6,-,-,-,0.4,0.6,1.6,0.8,0.8
618,-,-,-,-,-,-,-,-,-,-,-,-,-,-,-,-,-
619,0.5,-,-,-,-,0.5,-,-,0.5,-,-,-,0.5,-,1.5,0.5,1
620,0.3,-,-,-,-,0.3,-,-,0.3,-,-,-,1.3,0.7,0.3,-,0.3
621,1,-,-,-,-,1,-,-,1,-,-,-,0.5,-,2.5,0.5,2
622,-,-,-,-,-,-,-,-,-,-,-,-,-,-,-,-,-
623,0.3,-,-,-,-,0.3,0.1,-,0.1,0.5,0.4,0.1,0.4,0.3,0.6,0.1,0.5
624,-,-,-,-,-,-,-,-,-,-,-,-,1,-,-,-,-
